{"type":"FeatureCollection","features":[{"type":"Feature","properties":{"id":"21","n":"Guarani Aquifer System (Parana&Choco Parana Basins)"},"geometry":{"type":"Polygon","coordinates":[[[-65.07081100499994,-29.953604469999902],[-64.90375143999995,-29.448206694999953],[-64.75670350399992,-29.26500000099992],[-64.62538883699995,-28.848046836999913],[-64.54626744599994,-28.702744975999906],[-64.3943762749999,-28.197347200999957],[-64.26883191699994,-27.950965784999937],[-64.15398738099992,-27.887791062999952],[-63.94666019199991,-27.887791062999952],[-63.68607054799992,-27.837251285999912],[-63.4195439959999,-27.837251285999912],[-62.97581435699993,-27.71090184199994],[-62.67517478299993,-27.55296503699992],[-62.382470189999935,-27.350805926999953],[-62.23104775399992,-27.104424511999923],[-62.087236885999914,-26.946487706999903],[-61.669274267999924,-26.96544012299995],[-61.34799417699992,-27.034932317999903],[-60.78180052399995,-27.098107038999956],[-60.558130295999945,-27.085472094999943],[-60.390590311999915,-27.05388473399995],[-60.02856454399995,-26.864360567999938],[-59.54120272299991,-26.573756846999913],[-58.96221252799995,-26.15048621099993],[-58.74806215099994,-25.891469850999954],[-58.436786679999955,-25.56296129699996],[-58.15184615599992,-25.41765943599995],[-57.571541458999945,-24.98175385499991],[-57.22829029899992,-24.62165793999992],[-56.987868233999905,-24.31841927499994],[-56.90314277999994,-24.154164997999942],[-56.83512728099993,-23.87619622099993],[-56.81182512399994,-23.667719638999927],[-56.791938640999945,-23.156004390999954],[-56.83392801799994,-22.802225947999943],[-56.87198587799992,-22.61270178299992],[-56.867142042999944,-22.088351590999935],[-56.78868519899993,-21.82933523099996],[-56.77414264099991,-21.69035084299992],[-56.68686914099993,-21.412382065999907],[-56.60510408199991,-21.184953066999924],[-56.54113739299993,-21.058603622999954],[-56.52566600699993,-20.76168242999995],[-56.44900932999991,-20.21206234999994],[-56.35569663699994,-20.003585766999947],[-56.16372379199993,-19.32761624299991],[-56.109816665999915,-19.07491735499991],[-55.9764219569999,-18.670599134999918],[-55.88647901299993,-18.48739244099994],[-55.83389511699994,-18.234693552999943],[-55.852765640999905,-18.04516938799992],[-55.798378492999916,-17.60294633399991],[-55.73756962199991,-17.40710469599992],[-55.61231880799994,-17.217580529999907],[-55.516639797999915,-17.11650097499995],[-55.582840200999954,-16.95856416999993],[-55.720502962999944,-16.787992420999956],[-55.84149613999995,-16.76272253199994],[-55.8608941089999,-16.649008032999916],[-55.844052941999905,-16.446848922999948],[-55.75454338499992,-16.326816950999955],[-55.52662247699993,-16.19415003499995],[-55.35644363999995,-15.96672103599991],[-55.26440478099994,-15.808784230999947],[-55.33727094699992,-15.53713292699996],[-55.473666686999934,-15.145449650999922],[-55.61437760299992,-15.094909873999939],[-55.74596256399991,-15.019100206999951],[-55.73653837299992,-14.892750762999924],[-55.63703126799993,-14.816941096999926],[-55.44322795399995,-14.73481395899995],[-55.08305186699994,-14.747448902999906],[-54.89218056499993,-14.804306152999914],[-54.80656996999994,-14.918020651999939],[-54.68209169699992,-14.993830317999937],[-54.05120922899994,-14.760083846999919],[-53.529731048999906,-14.532654847999936],[-53.38992978899995,-14.494750014999909],[-53.27243638199991,-14.570559681999953],[-53.13350513799992,-14.545289792999938],[-53.0403591619999,-14.45052770999996],[-52.92355956999995,-14.431575292999923],[-52.831002791999936,-14.45052770999996],[-52.688458032999904,-14.583194625999909],[-52.702279078999936,-14.886433290999946],[-52.58427382299993,-15.057005039999922],[-52.48352507399994,-15.164402067999958],[-52.456436107999934,-15.290751511999929],[-52.53555279599993,-15.385513593999917],[-52.58089762599991,-15.511863037999944],[-52.57525627799993,-15.631895009999937],[-52.48825877899992,-15.726657092999915],[-52.292323824999926,-15.815101703999915],[-52.14795459699991,-15.916181258999927],[-52.211878861999935,-16.093070479999938],[-52.32858960599992,-16.295229589999906],[-52.323364298999934,-16.415261561999955],[-52.20187484799993,-16.528976060999923],[-51.62024306399991,-16.49738869999993],[-51.1761962299999,-16.560563421999916],[-50.99421364999995,-16.642690560999938],[-50.79631554699995,-16.800627365999958],[-50.57023107099991,-17.15440580799992],[-49.99806200499995,-17.710343360999957],[-49.203393057999904,-18.20310619199995],[-48.945059870999955,-18.32945563599992],[-48.50616551899992,-18.468440023999904],[-47.703209332999904,-18.95488538299992],[-47.611410435999915,-19.16336196599991],[-47.582917324999926,-19.517140407999932],[-47.567546171999936,-19.76352182399995],[-47.63673054299994,-20.148887627999954],[-47.63079555199994,-20.42685640399992],[-47.59518777399995,-20.610063097999955],[-47.25924809199995,-20.862761984999906],[-47.23133253599991,-20.96384153999992],[-47.12908570999991,-21.13441328999994],[-47.19347115799991,-21.79774786999991],[-47.118898077999916,-22.031494340999927],[-47.066344719999904,-22.265240811999945],[-47.13661662499993,-22.726416281999946],[-47.139594717999955,-22.922257919999936],[-47.294335953999905,-23.174956807999934],[-47.479299382999955,-23.43397316799991],[-47.74091252099993,-23.724576888999934],[-48.005590308999956,-23.96464083199993],[-48.294567016999906,-24.147847525999907],[-48.59544097799994,-24.223657191999905],[-49.12533900699992,-24.387911468999903],[-49.47122144799994,-24.470038606999935],[-49.93759068299994,-24.653245300999913],[-50.13663856499994,-24.804864633999955],[-50.23089140099995,-25.007023743999923],[-50.2153127009999,-25.127055714999926],[-50.03310443599992,-25.518738990999907],[-49.70842297099995,-26.125216321999915],[-49.85055226599991,-26.321057959999905],[-50.237241259999905,-26.580074319999937],[-50.27305254899994,-26.744328596999935],[-50.26560869699995,-26.858043095999903],[-50.07688775399993,-26.883312984999918],[-49.9496819979999,-26.927535289999923],[-49.81760484699993,-27.16128176099994],[-49.581426578999924,-27.388710759999924],[-49.47551692399992,-27.42661559299995],[-49.37141429899992,-27.53401262099993],[-49.16352464199991,-27.80566392499992],[-49.30884713699993,-28.538490698999908],[-49.46117565499992,-28.671157614999913],[-49.734500262999916,-28.765919697999948],[-50.08408587799994,-28.92385650299991],[-50.705571318999944,-29.15760297399993],[-50.99605692299991,-29.309222306999914],[-51.267574063999916,-29.33449219599993],[-51.59097207299993,-29.45452416699993],[-51.82840498299993,-29.593508554999914],[-52.30078246499994,-29.663000749999924],[-52.89705594299994,-29.852524914999947],[-53.21810246299992,-29.90306469299992],[-53.44228730799995,-29.997826775999954],[-53.578587515999914,-30.09890633099991],[-53.580886508999924,-30.199985885999922],[-53.48118453299992,-30.357922690999942],[-53.40005069599994,-30.579034217999947],[-53.41004902299994,-31.059162103999938],[-53.49382620299991,-31.602464712999904],[-53.55109292499992,-31.829893711999944],[-53.6365557929999,-32.044687765999925],[-53.79327555999993,-32.15840226599994],[-54.39024698999992,-32.44900598699991],[-54.61935912999991,-32.467958402999955],[-55.00944139699993,-32.76487959599996],[-55.20555474199995,-32.878594095999915],[-55.69507468499995,-33.20710264999991],[-56.3124996439999,-33.347998849999954],[-56.66543744799992,-33.30979626699991],[-57.26011719099995,-33.30391894699994],[-57.469492689999925,-33.251023062999934],[-57.6482489899999,-33.154047274999925],[-57.78171871399991,-33.10702871199993],[-57.99890011799994,-33.10702871199993],[-58.147674621999954,-33.16286325599992],[-58.34821104999992,-33.28400016199993],[-58.36750014799992,-33.16389056499992],[-58.35916916299993,-33.128613980999944],[-58.31361786899993,-33.11388756699995],[-58.20972720599991,-33.12167135599992],[-58.14639439799993,-33.10194625199995],[-58.078611156999955,-33.04111074799994],[-58.045562444999916,-32.934719549999954],[-58.05749500299993,-32.873612376999915],[-58.13194896199991,-32.798609892999934],[-58.15055235199992,-32.60361067799994],[-58.20000638599993,-32.44833535199996],[-58.223338930999944,-32.495555262999915],[-58.22500504399994,-32.565830724999955],[-58.150555391999944,-32.94416755599991],[-58.14583729299994,-33.03916681299995],[-58.157778305999955,-33.07139266599995],[-58.21417593299992,-33.094997589999934],[-58.416385670999944,-33.084444800999904],[-58.43028521699995,-33.101390841999944],[-58.42667298899994,-33.261944575999905],[-58.46707710299995,-33.345996312999944],[-59.07232453899991,-33.45348406499994],[-59.256984503999945,-33.40294428799996],[-59.74206701299994,-33.31449967699996],[-59.957759266999915,-33.301864732999945],[-60.101312616999905,-33.27027737199995],[-60.34565996799995,-33.251324954999916],[-61.066074821999905,-33.2386900109999],[-61.35869345799995,-33.20078517699994],[-61.510097311999914,-33.106023094999955],[-62.03666797199992,-32.97335617899995],[-62.34087852899995,-32.95440376199991],[-62.66286044599991,-32.97967365099993],[-62.949028246999944,-32.948086289999935],[-63.130828068999904,-32.72697476299993],[-63.23485221999994,-32.49322829199991],[-63.25714876299992,-32.36056137599991],[-63.322562863999906,-32.152084792999915],[-63.49239796499995,-31.90570337799994],[-63.57412220899994,-31.665639434999946],[-63.59449278999995,-31.45084537999992],[-63.681346757999904,-31.16024165899995],[-63.806697938999946,-30.977034965999906],[-63.88698045599995,-30.93281265999991],[-63.89574779399993,-30.762240910999935],[-63.84511975899994,-30.591669161999903],[-63.829577618999906,-30.408462467999925],[-63.950525428999924,-30.307382912999913],[-64.50781520799995,-30.225255774999937],[-64.96614167999991,-30.206303357999957],[-65.04476615099992,-30.117858746999957],[-65.07081100499994,-29.953604469999902]]]}},{"type":"Feature","properties":{"id":"20","n":"Maranhao Basin"},"geometry":{"type":"Polygon","coordinates":[[[-48.889910537999924,-4.36931506499991],[-48.87562715699994,-3.735242609999943],[-48.47103772299994,-3.517846339999949],[-48.30461270399991,-3.400090026999919],[-48.09594953499993,-3.209868289999918],[-47.594413510999914,-2.639203079999959],[-47.530008779999946,-2.430864987999939],[-47.205899942999906,-1.905490667999914],[-47.13137015299992,-1.615628973999947],[-46.99615750499993,-1.380116346999955],[-46.9071691339999,-0.870208361999914],[-46.821670567999945,-0.712774452999952],[-46.799727628999904,-0.731941442999926],[-46.803061363999916,-0.761385466999911],[-46.74556217199995,-0.829997465999952],[-46.62000397399993,-0.831941526999913],[-46.57000888099992,-0.971941505999951],[-46.60999941499995,-1.037497492999933],[-46.55778440599994,-0.999163449999912],[-46.53583539899995,-1.032219399999917],[-46.418063684999936,-1.037497492999933],[-46.19194507199995,-0.957497513999954],[-46.2377836469999,-1.165830466999921],[-46.16500119799991,-1.146386337999957],[-46.12749944399991,-1.106108548999941],[-46.08709451699991,-1.210273452999957],[-46.04333241199993,-1.210274458999947],[-46.0186178429999,-1.118330460999914],[-45.97472193899995,-1.074997413999938],[-45.888616343999956,-1.142774537999912],[-45.86111241499992,-1.23610844399991],[-45.87749952099995,-1.276663560999907],[-45.78500625499993,-1.267497409999919],[-45.73555651099991,-1.179997445999959],[-45.69611183599994,-1.370274417999951],[-45.63027788099993,-1.37249744099995],[-45.61278372899994,-1.334719374999906],[-45.61194328899995,-1.274441417999924],[-45.413611216999925,-1.28999742499991],[-45.40223035699995,-1.303886447999957],[-45.411392475999946,-1.35221944299991],[-45.50916826699995,-1.46805248499993],[-45.46556177399992,-1.502219379999929],[-45.46222550899995,-1.545552552999936],[-45.35195244399995,-1.349997550999944],[-45.35916707899992,-1.319719405999933],[-45.32666164099993,-1.313330555999926],[-45.29861091499993,-1.415274323999938],[-45.35528066499995,-1.477219390999949],[-45.37250371099992,-1.540830435999908],[-45.36778476799992,-1.71277435099995],[-45.34750455099993,-1.740275445999941],[-45.28000999499994,-1.734163420999948],[-45.22167083399995,-1.683330577999925],[-45.25250087199993,-1.618052547999923],[-45.24917090799994,-1.586108549999949],[-45.16111342999994,-1.481386474999908],[-45.093893444999935,-1.463608575999956],[-44.955002099999945,-1.502219379999929],[-44.86639244899993,-1.424441480999917],[-44.85195087999995,-1.490552374999936],[-44.88017173399993,-1.503719464999961],[-44.951393013999905,-1.601663425999959],[-44.91361167499991,-1.639163535999955],[-44.91361399199991,-1.619163493999906],[-44.835556744999906,-1.572497483999939],[-44.820556610999915,-1.578330545999961],[-44.79055595799991,-1.62388548499996],[-44.79917231999991,-1.704997478999928],[-44.69500953799991,-1.817774382999914],[-44.64000753799991,-1.789163472999917],[-44.538892613999906,-1.83221956999995],[-44.49056558099994,-1.980830478999906],[-44.495835220999936,-2.044997437999939],[-44.63695065099995,-2.223608535999915],[-44.66139386999993,-2.281108310999912],[-44.656391405999955,-2.331108289999918],[-44.614724347999925,-2.254997501999924],[-44.490006782999956,-2.144441482999923],[-44.43055686699995,-2.153886471999954],[-44.39695124399992,-2.193886555999939],[-44.36000116899993,-2.338886545999912],[-44.38056137499996,-2.403330453999956],[-44.44444871699994,-2.411663616999931],[-44.582226900999956,-2.556941311999935],[-44.577781633999905,-2.616663480999932],[-44.65472148799995,-2.775552493999953],[-44.691674708999926,-2.990275302999919],[-44.68028416199991,-3.016663313999913],[-44.62361084699995,-3.034163256999932],[-44.62416662299995,-3.053330434999907],[-44.75639598299995,-3.19333047799995],[-44.78916833099993,-3.208052615999918],[-44.7927767029999,-3.303608538999924],[-44.754449337999915,-3.306108638999945],[-44.75083837299991,-3.278608297999938],[-44.61611269399992,-3.10999759799995],[-44.48000560499992,-3.008608359999926],[-44.42056326799991,-2.929997471999911],[-44.3569442079999,-2.526664423999932],[-44.28833404799991,-2.482219298999951],[-44.219447731999935,-2.476108279999949],[-44.11000019399995,-2.41555249299995],[-44.06333871399994,-2.40583055399992],[-44.04110983699991,-2.403886367999917],[-44.02806193899994,-2.424719524999944],[-44.026389482999946,-2.511108416999946],[-44.04055835799994,-2.545552387999919],[-44.136116115999926,-2.671664413999906],[-44.33555478099993,-2.774164471999939],[-44.339729434999924,-2.830274463999956],[-44.29194600799991,-2.835830575999921],[-44.26138970699992,-2.77499733499991],[-44.18361624799991,-2.764163570999926],[-44.1711104069999,-2.81249731999992],[-44.21861121199993,-2.853052813999909],[-44.19833518199994,-2.868886525999926],[-43.92611920399992,-2.547497328999953],[-43.873060961999954,-2.569719513999928],[-43.707504368999935,-2.509997344999931],[-43.44833702199992,-2.537774384999921],[-43.45861609399992,-2.446386550999932],[-43.48250744799992,-2.388330359999941],[-43.44139087399992,-2.368052361999958],[-43.347503126999925,-2.365830469999935],[-43.17528704599994,-2.39527424299996],[-43.039727898999956,-2.453885591999949],[-42.93250519999992,-2.472497611999927],[-42.802504807999924,-2.560274274999927],[-42.70667260899995,-2.562774373999957],[-42.62583905899993,-2.646386718999906],[-42.50444823499993,-2.73166453999994],[-42.35000409799994,-2.769997387999922],[-42.264723629999935,-2.758330758999932],[-42.232505070999935,-2.806386551999935],[-42.235838531999946,-2.837775516999955],[-42.206946598999934,-2.806386551999935],[-42.110002022999936,-2.802775380999947],[-41.949719874999914,-2.845552514999952],[-41.933334370999944,-2.786941416999923],[-41.9742582369999,-2.751718411999946],[-41.846110852999914,-2.73166453999994],[-41.828341304999924,-2.737497601999905],[-41.840263197999946,-2.766916471999934],[-41.79306030099991,-2.774719378999919],[-41.66528241599991,-2.856386530999941],[-41.66000521399991,-2.870274547999941],[-41.684446676999926,-2.856108574999951],[-41.69972367799994,-2.866663627999912],[-41.67472978099994,-2.883052750999923],[-41.53592070199994,-2.911354968999945],[-41.648672364999925,-3.13698207099992],[-41.65277570799992,-3.402038973999936],[-41.52358103699993,-3.53456742599991],[-41.09588793799992,-3.76649221699995],[-40.74406187599993,-4.031549119999909],[-40.7106460249999,-4.246907853999915],[-40.74050173099994,-4.777021660999935],[-40.78359225199995,-5.025512507999906],[-40.90629061799996,-5.539060257999949],[-40.91210018399994,-5.820683217999942],[-40.82310188799994,-6.052608008999925],[-40.826725996999926,-6.218268572999932],[-40.90635472799994,-6.41706125099995],[-41.04211500799994,-6.599287871999934],[-41.10122995499995,-6.715250266999931],[-41.25518414399994,-6.86434477499995],[-41.40678638399993,-6.914042944999949],[-41.50323184899992,-7.013439283999958],[-41.506957317999934,-7.16253379199992],[-41.62873917399992,-7.510420977999956],[-41.86469759999994,-7.891440275999912],[-41.95875256799991,-7.891440275999912],[-42.110621031999926,-7.941138445999911],[-42.41771662399992,-8.156497179999917],[-42.82010582599992,-8.404988026999945],[-42.95580372299992,-8.53751647799993],[-43.28030045899993,-8.686610985999948],[-43.43656662299992,-8.868837607999922],[-43.70273728899991,-8.951667889999953],[-43.89797482799992,-9.16702662399996],[-44.18039264399994,-9.16702662399996],[-44.35704898499995,-9.382385357999908],[-44.62635668999991,-9.548045922999961],[-44.798159305999945,-9.614310147999959],[-45.00941847699994,-9.730272543999945],[-45.22374422699994,-9.929065220999917],[-45.42310330999993,-10.21068818099991],[-45.559718103999955,-10.326650575999906],[-45.76769884499993,-10.34321663299994],[-45.93662718399992,-10.326650575999906],[-46.06513729099993,-10.243820293999931],[-46.111626852999905,-9.99532944699996],[-46.1055242889999,-9.829668882999954],[-46.2696255539999,-9.680574373999946],[-46.846293200999924,-9.481781696999917],[-47.01220777799995,-9.382385357999908],[-47.13520122999995,-9.133894510999937],[-47.316536613999915,-8.93510183299992],[-47.46541410799995,-8.88540366399991],[-47.76743891199993,-8.708182294999915],[-47.87510907199993,-8.545135092999942],[-47.9586761029999,-8.273389754999926],[-47.80615733499991,-8.010702593999952],[-47.60165960099994,-7.720840900999917],[-47.84048395099995,-7.458153740999933],[-48.030717471999935,-7.286048359999938],[-48.18015013899992,-7.123001156999919],[-48.208105281999906,-7.023361199999954],[-48.14075839499992,-6.82408128499992],[-47.87267150099996,-6.416463277999924],[-47.77519564599993,-6.226241541999912],[-47.74955131899992,-6.026961626999935],[-47.76513645199992,-5.827681712999947],[-47.81275373299991,-5.67369268799996],[-47.940910705999954,-5.447238238999944],[-48.0803045639999,-5.257016502999932],[-48.21033276299994,-5.103027477999944],[-48.422546697999906,-4.958096630999933],[-48.66245191599995,-4.713525826999955],[-48.771892377999905,-4.577653157999919],[-48.889910537999924,-4.36931506499991]]]}},{"type":"Feature","properties":{"id":"18","n":"Atlantic and Gulf Coastal Plain Aquifers"},"geometry":{"type":"Polygon","coordinates":[[[-100.01442840699991,26.927232787000037],[-100.1887381549999,27.632162949000076],[-100.15007402399993,27.816529298000034],[-100.1586397829999,28.30455787200009],[-100.10947127499992,28.44554390400009],[-100.11123061799992,28.629910254000038],[-99.9285026359999,28.87934708000006],[-99.8166622739999,29.02033311200006],[-99.57109163699994,29.096248668000044],[-99.31912905099995,29.150474065000083],[-99.03203816899992,29.258924859000047],[-98.5535029539999,29.41075597100007],[-98.07853275499991,29.70357311400005],[-97.73858728199991,30.01808041700008],[-97.26707330999994,30.35427787900005],[-97.18847783899992,30.59286962500005],[-97.0095048149999,30.75554581600005],[-96.8925904969999,30.95075724600008],[-96.7155239789999,31.15681375400004],[-96.56038254799995,31.427940739000064],[-96.40298463799991,31.61230708900007],[-96.26977442299994,31.829208677000054],[-96.12489411799993,32.27385693300005],[-96.08769179299992,32.50160360000007],[-96.08096261199995,32.74019534700005],[-96.0971738159999,32.96794201400007],[-96.20759687499992,33.23906899900004],[-96.36493179899992,33.73794265200007],[-96.48777623299992,34.03075979600004],[-96.48112635599995,34.15005566900004],[-96.43216882699994,34.22597122500008],[-96.2913288869999,34.36695725700008],[-95.9452832369999,34.34526709800008],[-95.49327346899992,34.215126146000046],[-95.25449631099991,34.06329503400008],[-95.04053434499991,33.97653439900006],[-94.7950156739999,33.94399916100008],[-94.49081698999993,33.99822455800006],[-94.14457916999993,34.00906963700004],[-93.84521133999993,34.041604875000075],[-93.46990593899994,34.15005566900004],[-92.8630893859999,34.475408051000045],[-92.63052370499992,34.583858845000066],[-92.4581073999999,34.71399979800009],[-92.2207140299999,34.844140751000054],[-92.09006575899991,35.05027917100006],[-91.9232067509999,35.126321708000035],[-91.68481595399993,35.28928258600007],[-91.34240594599993,35.65872413800008],[-91.3554641959999,35.93042864000006],[-91.17868015399995,36.11521497000007],[-91.08467315999991,36.34351092700007],[-90.80322069999994,36.59358803900005],[-90.59694387699994,36.73495386800005],[-90.45635426299992,36.87633262700007],[-90.22394013099995,37.01772431900008],[-89.9302343519999,37.137373548000085],[-89.26370084899992,37.31142532800004],[-88.83877008199994,37.23527526200007],[-88.5545063379999,37.14825121000007],[-88.21953536599995,36.930712517000075],[-88.10582937399994,36.63708384000006],[-88.03931049999994,36.25653706400004],[-88.14148709799991,36.00651445500006],[-88.27762340099991,35.52832292700003],[-88.27879852199993,35.24582467400006],[-88.16775174299994,34.97428170400008],[-87.9321813059999,34.49709821000005],[-87.73621580399993,33.933154081000055],[-87.57002341299994,33.672872176000055],[-87.42391289299991,33.390900111000064],[-87.10544733799992,33.130618205000076],[-86.80013547699991,32.94625185600006],[-86.40195130899991,32.75104042600009],[-86.07082760599991,32.64258963200007],[-85.64984568199992,32.53413883800005],[-85.31391975799994,32.49075852100009],[-84.68190796199991,32.49075852100009],[-84.24117863499993,32.61005439400009],[-83.91231709699991,32.63174455300009],[-83.67160351399991,32.77273058500009],[-83.0639214069999,33.022167411000055],[-82.76142620399992,33.130618205000076],[-82.59049656799993,33.163153444000045],[-82.49602888699991,33.358364873000085],[-82.27520550299994,33.52104106400009],[-82.0939370989999,33.52104106400009],[-81.53695029499994,33.72709757300004],[-81.29359860799991,33.900618843000075],[-80.98893249899993,34.08498519300008],[-80.7267510179999,34.28019662200006],[-80.42746679899994,34.68146456000005],[-79.93641155499995,34.811605513000075],[-79.82386995999991,34.985126783000055],[-79.74667607399994,35.148048833000075],[-79.3686057459999,35.38706735300008],[-79.16589598599995,35.48485830000004],[-78.93221571599992,35.52832292700003],[-78.63557206899992,35.53918927500007],[-78.31038751299991,35.582655429000056],[-78.11089048499991,35.69132615800004],[-77.94463948999993,35.82174111100005],[-77.67295334499994,36.16416317300008],[-77.52990326499992,36.66580393500004],[-77.62054440199995,36.98511464900008],[-77.60243574399993,37.304491348000056],[-77.49530987899993,37.47181025300006],[-77.5042582499999,37.654360635000046],[-77.49204504599993,37.77607287400008],[-77.557062,37.95865921700005],[-77.5872472069999,38.247798411000076],[-77.5787810029999,38.46728757600005],[-77.39351287399995,38.74438632500005],[-76.90906695799993,39.25766353900008],[-76.32417574599992,39.66840825700007],[-76.11687726899993,39.75057032400008],[-75.7132479089999,39.753170555000054],[-75.54979528399991,39.69077589900007],[-75.60526943499991,39.61138306600009],[-75.57639558699992,39.459440775000076],[-75.4355485559999,39.31444224400008],[-75.39666939299991,39.25110997000007],[-75.39138965899991,39.202776748000076],[-75.40638956799995,39.15887918900006],[-75.38833590299993,39.07555406200004],[-75.30221749899994,38.918887518000076],[-75.18832036599991,38.81667059400007],[-75.1399985569999,38.69499145100008],[-75.13417017099994,38.59027206300004],[-75.06388610199991,38.58693858300006],[-75.03860535799993,38.484723434000045],[-75.04387982899993,38.42166760100008],[-75.07583364999994,38.33277484600006],[-75.05833374999992,38.43804239600007],[-75.08083693399993,38.45971411600004],[-75.0947261039999,38.32804815500003],[-75.15083262699994,38.24526877900007],[-75.19554426799994,38.223604108000075],[-75.35499543899994,38.08499052900004],[-75.37004255199992,38.02438659500007],[-75.39973411299991,37.988604570000064],[-75.41222087099993,37.91944207100005],[-75.50334758299994,37.79833437900004],[-75.61471923999994,37.58277349800005],[-75.59167553399993,37.56388407800006],[-75.65639071699991,37.49361003000007],[-75.69943037799993,37.55305042500004],[-75.71390460999993,37.55305042500004],[-75.80387528199992,37.452781162000065],[-75.8416768699999,37.37249130400005],[-75.8680611449999,37.21693804200004],[-75.96083008499994,37.15221425100009],[-76.0161114249999,37.25916962800005],[-75.9563941589999,37.497776961000056],[-75.91694604599991,37.60832990400007],[-75.8783290099999,37.65387942000007],[-75.66251010499991,37.84054551300005],[-75.64404087999992,37.96117992000006],[-75.74944047199995,37.97971472900008],[-75.84666317199992,37.92777420300007],[-75.88081761099994,37.949430686000085],[-75.88194011999991,37.98694049800008],[-75.8424973839999,38.08305572200004],[-75.78277776999994,38.136944422000056],[-75.91472152199992,38.14110904900008],[-75.89611637999991,38.25027799500003],[-75.83805952699993,38.39888135000007],[-75.85721903299992,38.39916415600004],[-76.03750181499993,38.22665402900009],[-76.08777933599993,38.28638926600007],[-76.22083685899992,38.39083352100005],[-76.21583418799992,38.32944192200006],[-76.32583179499994,38.48638400200008],[-76.18499892199992,38.534440250000046],[-76.1655566629999,38.56916014400008],[-76.21028580099994,38.58027568500006],[-76.22389535799994,38.55471127200008],[-76.26889206499993,38.55166474300006],[-76.28666830899994,38.57471588400006],[-76.26528623999991,38.61971609700004],[-76.02332605599992,38.57417041000008],[-75.96583371299994,38.60193728000007],[-75.9566633689999,38.64861115100007],[-75.9708361559999,38.649997125000084],[-76.0030701789999,38.605270793000045],[-76.06554537099993,38.61193783900006],[-76.19110437099994,38.68387912400004],[-76.21417292199993,38.768326728000034],[-76.27444151899994,38.78777239400006],[-76.3041677679999,38.75305162500007],[-76.3102778789999,38.68471961800009],[-76.34334304499993,38.68471961800009],[-76.33083654299992,38.763885617000085],[-76.27305897199994,38.838881074000085],[-76.2477710789999,38.840271260000065],[-76.16055103899993,38.76138421500008],[-76.10472172899995,38.79444427000004],[-76.14194773799994,38.88611173400005],[-76.22055349999994,38.966104460000054],[-76.2963871799999,38.92249249300005],[-76.35999749799993,38.85722031700004],[-76.3422297809999,38.95833254000007],[-76.30556055499994,39.02748904900005],[-76.24888428199995,38.98555261900009],[-76.1833150409999,38.98666002300007],[-76.1452742269999,39.01305205400007],[-76.06304827799994,39.13999068800007],[-76.14139404999992,39.11249707500008],[-76.22084139399993,39.06082560600004],[-76.26111928599994,39.15554852300005],[-76.16639862999995,39.31971769200004],[-76.0919913969999,39.36226555200005],[-75.9777803689999,39.38999404800006],[-75.8563845619999,39.52916151100004],[-75.83167877799991,39.57749282900005],[-75.93888515999993,39.604436760000056],[-76.07444809799995,39.55943208600007],[-76.11999373999993,39.48971806800006],[-76.06054200799991,39.45610541700006],[-76.19526312599993,39.368054578000056],[-76.22193510299991,39.36832947600004],[-76.22527790799995,39.418887356000084],[-76.25696019399993,39.444712698000046],[-76.35972764899992,39.399999715000035],[-76.48084142099992,39.30193889600008],[-76.43527430499995,39.244157201000064],[-76.38694700199994,39.226379276000046],[-76.4163930709999,39.20971720300008],[-76.46789542399995,39.216213046000064],[-76.51139928399994,39.24777910500006],[-76.57668041599993,39.267218686000035],[-76.61860406399995,39.254170007000084],[-76.44305412999995,39.14888317000003],[-76.39306219299993,39.02054537100008],[-76.45249540899994,38.91304763900007],[-76.49943437799993,38.942489746000035],[-76.5375023929999,38.73166269500007],[-76.50500326199995,38.531106891000036],[-76.39611909199994,38.41387822100006],[-76.37609631499993,38.36361180600005],[-76.41000511599992,38.335820943000044],[-76.4486060989999,38.33943667600005],[-76.6316671479999,38.48360426800008],[-76.67833422899992,38.67555907500008],[-76.6661046559999,38.48054575900005],[-76.48195449499991,38.315548755000066],[-76.37111065899995,38.28833240700004],[-76.39195120399995,38.238603315000034],[-76.31750694999994,38.15304555500006],[-76.30999943899991,38.046391801000084],[-76.54861821399993,38.18638343300006],[-76.5977808589999,38.22971203600008],[-76.67443665999991,38.24249351900005],[-76.74583389499992,38.23166318400007],[-76.86527992399994,38.27138151500009],[-76.96861696999991,38.35638831500006],[-77.0402818689999,38.441375555000036],[-77.1844344729999,38.366662004000034],[-77.24444275899992,38.39833593900005],[-77.26444842399991,38.48387900900008],[-77.23388906199995,38.55166474300006],[-77.09527800199993,38.68138593300006],[-77.02166925099993,38.70054764400004],[-77.00612090399994,38.75500343500005],[-77.02278347899994,38.80309229300008],[-77.01501195999992,38.86388845200008],[-77.06111340299992,38.90526790300004],[-77.03722024699994,38.843322400000034],[-77.03805680999994,38.72943612900008],[-77.14167682999994,38.662212339000064],[-77.24028133599995,38.62054443300008],[-77.32861346699991,38.43305277200005],[-77.32001123799995,38.345274386000085],[-77.22416680499992,38.33360706800005],[-77.06193229999991,38.381937324000035],[-77.0297291949999,38.31193307700005],[-76.93249152499993,38.20304658300006],[-76.85333479199994,38.17027387300004],[-76.59249648299993,38.12916051700006],[-76.50111275199993,38.02360704800009],[-76.27251152699995,37.926663519000044],[-76.23416269699993,37.89527793100007],[-76.22833292099995,37.87721666500005],[-76.2855536909999,37.696942715000034],[-76.33751012099992,37.62665857700006],[-76.35360950699993,37.61859861800008],[-76.37165881199991,37.63471857800005],[-76.49082666299995,37.65554717200007],[-76.56582989899994,37.74305213900004],[-76.70249706299995,37.833057920000044],[-76.83444117699992,37.953049554000074],[-76.92917174699994,38.088331004000054],[-77.05277868499991,38.16026809500005],[-77.13389606399994,38.172766239000055],[-77.1097208679999,38.14110904900008],[-76.9399853729999,38.07221842800004],[-76.84415986399995,37.92276603300007],[-76.72471442999995,37.79805168300004],[-76.67222480999993,37.765275451000036],[-76.61500063499994,37.752780604000066],[-76.53582590299993,37.62721583000007],[-76.28666944899993,37.56750204200006],[-76.24527360099995,37.495269533000055],[-76.24082730099991,37.36888590800004],[-76.26111880099995,37.33416472400006],[-76.40221753299994,37.34415707800008],[-76.37111098899993,37.29083297300008],[-76.38110849199995,37.27388091100005],[-76.45472511399993,37.26194312200005],[-76.49222268499994,37.27361042300004],[-76.5788916109999,37.32361125300008],[-76.68277300199992,37.429722534000064],[-76.67054496499992,37.386658612000076],[-76.60194039399994,37.30221788600005],[-76.45750057399994,37.226102049000076],[-76.37720741599992,37.214156555000045],[-76.2924962109999,37.13915921000006],[-76.26694842099994,37.088328758000046],[-76.29249762499995,37.003613709000035],[-76.3897209129999,36.97332053800005],[-76.43638965699995,36.99722000400004],[-76.61444217399992,37.132211906000066],[-76.6152780079999,37.19137599900006],[-76.64138464199993,37.22387361600005],[-76.88704553299993,37.246880727000075],[-76.99554325899993,37.31609790400006],[-77.23860505099992,37.33610666700008],[-77.23222575499994,37.29639219100005],[-77.02722007799991,37.283610459000045],[-76.71665480699994,37.14749117100007],[-76.64805944199992,37.049161548000086],[-76.47999489199992,36.961106563000044],[-76.47749876899991,36.905269022000084],[-76.29361008799992,36.84332295300004],[-76.31916701599994,36.88333656900005],[-76.31166183199991,36.947217624000075],[-76.24888582299991,36.95693704300004],[-76.16887911899994,36.920550080000055],[-76.07390045299991,36.90499456200007],[-75.98999002099993,36.91387822100006],[-75.85168515499993,36.549072667000075],[-75.78528247399993,36.28360820200004],[-75.71666087199992,36.12443692100004],[-75.57556379599993,35.90888346400004],[-75.5291711019999,35.80387678000005],[-75.55832869699992,35.80943065400004],[-75.58860268799992,35.850833255000055],[-75.59222508099992,35.90388183200008],[-75.70084226499995,36.00805223300006],[-75.7286077249999,36.06110216800005],[-75.7494418629999,36.17722055200005],[-75.81165883699992,36.319443566000075],[-75.8791643369999,36.532770338000034],[-75.88194024899991,36.58194013900004],[-75.93888637899994,36.716661705000035],[-75.96222537799991,36.70249246600008],[-75.9761025809999,36.56527025100007],[-75.95139834899993,36.537221179000085],[-75.94444498799993,36.561105833000056],[-75.91362438599992,36.57444653600004],[-75.89916904299992,36.48860157300004],[-75.97389316399995,36.49249544300005],[-76.04527268499993,36.58665342000006],[-76.02899518099991,36.54999674000004],[-76.03472582599994,36.496659676000036],[-75.98389087399994,36.40749428500004],[-75.9164013109999,36.35139027100007],[-75.88333474899991,36.29555054100007],[-75.78554879799992,36.06998904800008],[-75.85166666799995,36.108332705000066],[-75.93833001299993,36.28721913600009],[-75.9708383649999,36.31193509700006],[-75.99804930699992,36.309990405000065],[-75.96111805299995,36.20249149500006],[-75.9243344699999,36.17077378500005],[-76.01167657799994,36.18332443200006],[-76.04750093599995,36.225269585000035],[-76.19554110199994,36.319992279000076],[-76.22223008899994,36.28889348200005],[-76.14445539799993,36.25638324000005],[-76.06305247199992,36.15332165700005],[-76.21694801399991,36.09332592100009],[-76.37083209899993,36.14999746400008],[-76.3713878609999,36.076943681000046],[-76.4977729869999,36.00833460200005],[-76.6566678879999,36.031109832000084],[-76.69271596899995,36.07260308300005],[-76.72749043899995,36.16526702400006],[-76.6986109259999,36.248052046000055],[-76.70611839199995,36.264157717000046],[-76.75834474899995,36.19860238900009],[-76.7538372269999,36.094774150000035],[-76.73099996499991,36.04260649000008],[-76.73055916299995,35.93943410800006],[-76.65527112399991,35.932766482000034],[-76.37805382899995,35.95694029500004],[-76.26749687799992,35.91889081100004],[-76.30722347699992,35.94388324300007],[-76.30527079599995,35.956101284000056],[-76.16860971999995,35.997217377000084],[-76.07084910599991,35.991933094000046],[-76.0255535149999,35.96277304500006],[-76.01973560999994,35.92666359100008],[-76.05833218599992,35.84249617900008],[-76.0377830029999,35.68777029100005],[-76.12833186499995,35.70083324700005],[-76.13945143299992,35.691101556000035],[-76.10055736599992,35.65916042200007],[-76.03527193999992,35.649997633000055],[-75.99276421899992,35.713609966000035],[-75.98889412099993,35.88360925200004],[-75.85360732099991,35.97499527000008],[-75.81916729799991,35.961663772000065],[-75.78332374199994,35.91971770100008],[-75.7202814179999,35.81444004800005],[-75.72054839399993,35.69498938600009],[-75.74333118499993,35.61388741400009],[-75.79305902599992,35.56944243400005],[-75.83833722899993,35.56694619700005],[-75.8600052239999,35.584714329000064],[-75.97555203999991,35.52166379000005],[-76.04110571599995,35.42416331900006],[-76.14917235199994,35.33694272300005],[-76.49916231999993,35.38611080900006],[-76.52250070899993,35.40416315500005],[-76.57472331899993,35.508053921000055],[-76.50805588499992,35.531108101000086],[-76.57972536999995,35.550545336000084],[-76.6319461299999,35.52249450000005],[-76.6013917269999,35.43138521600008],[-76.65249698999992,35.41499788900006],[-76.92027541599992,35.46305147500004],[-77.05082908199995,35.53027335400009],[-77.01916045699994,35.48193540700004],[-76.8325014589999,35.392219631000046],[-76.50388657699995,35.310548888000085],[-76.46888934899994,35.27166456400005],[-76.48805156499992,35.22221385800009],[-76.5636191609999,35.23360370900008],[-76.6691596739999,35.174163719000035],[-76.58168278099993,35.14721630000008],[-76.57362363399994,35.171664089000046],[-76.55444563099991,35.13193662800006],[-76.60804855099991,35.07110971100008],[-76.7614026469999,34.98777043200005],[-76.86722048199994,35.000005560000034],[-77.03500119599994,35.10360714600006],[-76.94444137799991,34.977483274000065],[-76.77888026099993,34.926663260000055],[-76.75306152299993,34.90526790100006],[-76.64750393199995,34.97804270800009],[-76.57000341799994,34.981375168000056],[-76.4544537669999,35.07138384600006],[-76.43167520399993,35.040834214000085],[-76.43049799699992,34.994556094000075],[-76.46444683599992,34.96111075300007],[-76.45834376599993,34.93387554000009],[-76.32251308799994,34.97054467300006],[-76.35305972099991,35.02332226600004],[-76.31220720899995,35.01500577300004],[-76.27083830499993,34.964157459000035],[-76.33583411399991,34.88694339600005],[-76.41138772999994,34.847770893000074],[-76.5033396259999,34.73305055800006],[-76.62137892099992,34.712774069000034],[-76.65804732999993,34.74832835700005],[-76.76529091499992,34.761943951000035],[-77.08612487199991,34.67610091100005],[-77.12333515599994,34.69331695600005],[-77.3141611179999,34.55749673000008],[-77.36199617599993,34.581166050000036],[-77.36832785899992,34.60333012800004],[-77.33000043599992,34.64249860600006],[-77.37222046199992,34.72665529400007],[-77.42887379699994,34.74193711800007],[-77.37249914699993,34.52054586700007],[-77.46278689799993,34.50000374700005],[-77.70527747799991,34.34193728400004],[-77.85861013599992,34.157496896000055],[-77.88416901699992,34.03277113200005],[-77.93083551599995,33.92777047100009],[-77.92443881799994,34.107220218000066],[-77.96166648099995,34.15860369200004],[-77.94860658699992,34.00888850200005],[-78.01362419499992,33.89193847800004],[-78.24027986699991,33.91999473100009],[-78.57640394499992,33.88110798300005],[-78.82749679799991,33.73026990000005],[-78.9374958269999,33.63804970600006],[-79.13333020899995,33.42194088700006],[-79.16417019799991,33.31444088100005],[-79.1964437179999,33.27893891400004],[-79.26972808699992,33.316386829000066],[-79.18859294599991,33.43638154700005],[-79.27139048799995,33.37332440200004],[-79.29388735999993,33.28027310500005],[-79.22378268199992,33.23138696500007],[-79.2058409739999,33.16554270800009],[-79.36279774399992,33.06248799500008],[-79.38193690799994,33.00971800900004],[-79.49305871399991,33.00416994600005],[-79.51665957199992,33.03360667600009],[-79.55695073699991,33.02416671800006],[-79.62859747199991,32.94305069900008],[-79.61111697199993,32.91666470000007],[-79.73693438799995,32.80027008500008],[-79.81582538299995,32.767215142000055],[-79.8597155459999,32.77121570400004],[-79.90111045599991,32.80971809200008],[-79.88055926999994,32.84444127800009],[-79.94360034699992,32.85305415800008],[-79.9680629639999,32.78388146600008],[-79.92477517799995,32.747111715000074],[-79.88327059999995,32.73477597900006],[-79.87027298999993,32.704997149000064],[-79.8841697979999,32.687209943000084],[-79.98778256499992,32.618327030000046],[-80.2227789609999,32.54083123800007],[-80.32112021099994,32.48193765600007],[-80.40915894999995,32.47166055900004],[-80.43277074299994,32.50027826000007],[-80.67165457699991,32.52166355700007],[-80.68221945699992,32.49971681300008],[-80.5266738229999,32.49222280300006],[-80.47944300299991,32.47360650600007],[-80.4280529529999,32.40304529000008],[-80.46721610899993,32.31582781000009],[-80.63138207999992,32.25638686800005],[-80.65360923499992,32.42276838100008],[-80.67443812099992,32.45027526200005],[-80.6686097679999,32.34721451200005],[-80.68011240699991,32.311716569000055],[-80.71112125199994,32.31971769300009],[-80.75889712899993,32.36277001600007],[-80.8069458949999,32.50027826000007],[-80.82778213499995,32.52332375000009],[-80.83694547899995,32.51666486700009],[-80.78332855499991,32.31054940300004],[-80.74415593299994,32.25638686800005],[-80.70360765099991,32.25555375300007],[-80.67000163499995,32.21415759700005],[-80.72278015299992,32.154994360000046],[-80.81972604499992,32.10194063200004],[-80.8010975219999,32.152488978000065],[-80.82555871299991,32.15665455200008],[-80.89723438399994,32.04277135700005],[-80.89296023399993,32.027855781000085],[-80.83778832999991,32.01554821800005],[-80.83555310999992,31.99638858600008],[-81.05555100999993,31.792225106000046],[-81.12916365299992,31.69860632600006],[-81.1380603739999,31.608613809000076],[-81.16000377099994,31.568330486000036],[-81.29749318599994,31.569443318000083],[-81.3355540419999,31.55083305900007],[-81.29083465199994,31.490830669000047],[-81.24300074799993,31.50194289400008],[-81.20472708499994,31.474717743000042],[-81.27750214699995,31.357222370000045],[-81.27527940199991,31.234722270000077],[-81.36389006099995,31.16249683500007],[-81.41471663199991,31.176110417000075],[-81.4080508369999,31.205553184000053],[-81.4405524359999,31.211109296000075],[-81.49638738699991,31.12777566200009],[-81.4433250219999,31.081113173000062],[-81.40082971299995,31.10944109500008],[-81.41749323099992,31.033885213000076],[-81.46501745199993,30.93444267700005],[-81.53388583299994,30.85055162100008],[-81.4869335109999,30.764165244000083],[-81.50734663199995,30.71346597200005],[-81.43527191699991,30.639439480000078],[-81.4530677379999,30.508332537000058],[-81.41139093399994,30.46471876700008],[-81.39029308099992,30.382779695000067],[-81.38944762499995,30.274999972000046],[-81.25527883599995,29.79666921900008],[-81.1591640119999,29.55833595100006],[-80.96610615999992,29.153053686000078],[-80.63583797599995,28.665550619000044],[-80.55249306799993,28.524999694000087],[-80.5302957529999,28.451110043000085],[-80.5969598559999,28.40221786500007],[-80.5908417039999,28.194717901000047],[-80.56138140399992,28.079444168000066],[-80.44665811499993,27.864442144000066],[-80.56499921199992,28.05111222100004],[-80.6194485119999,28.211388250000084],[-80.61805396099993,28.39972053200006],[-80.58332643499995,28.508890792000045],[-80.60221518199995,28.607500213000037],[-80.65889374299991,28.61360972300008],[-80.67832877199993,28.588330519000067],[-80.76083659599993,28.606109676000074],[-80.78583067099993,28.64444101500004],[-80.77778457499994,28.68583113300008],[-80.74554366899991,28.70527450700007],[-80.74554707899995,28.725550996000038],[-80.84415854499991,28.79055610100005],[-80.82305712899995,28.651663357000075],[-80.75557176599995,28.415831447000073],[-80.39723226399991,27.69555122400004],[-80.3147138249999,27.43666376200008],[-80.21139878299994,27.205554849000066],[-80.14944522199994,27.136388194000062],[-80.10527096099992,27.05166603500004],[-80.03332336199992,26.78666503900007],[-80.03168026899993,26.564444698000045],[-80.13193931599994,25.905553378000036],[-80.18415775099993,25.833333981000067],[-80.1897128089999,25.744995620000054],[-80.30999636399991,25.610829898000077],[-80.31193616699994,25.538055091000047],[-80.34166927399991,25.499162305000084],[-80.37609797899995,25.31972060700008],[-80.42582659499993,25.241107958000043],[-80.42166203399995,25.20833071900006],[-80.39862046699994,25.184721770000067],[-80.42165584399993,25.191942100000063],[-80.45028670099992,25.241663368000047],[-80.49972302299994,25.22416594100008],[-80.50445761499992,25.24083226500005],[-80.53999536799995,25.245549226000037],[-80.5791770649999,25.238884306000045],[-80.68222723799994,25.163610154000082],[-80.82778874199994,25.16221760400009],[-81.08805952799992,25.11555310300008],[-81.1458431179999,25.15916284900004],[-81.17639108599991,25.228607209000074],[-81.15611549899995,25.30944149800007],[-81.12849789799992,25.323721169000066],[-81.09110671099995,25.27805479600005],[-80.98331902199993,25.201108377000082],[-80.9324909259999,25.216939574000037],[-80.91527990399993,25.251391092000063],[-80.98083331099991,25.320555735000084],[-81.03750462199991,25.32749634700008],[-81.12539100899994,25.376943935000043],[-81.33667027299992,25.804998010000077],[-81.55860944699992,25.919718345000035],[-81.61832688899995,25.930550852000067],[-81.67470679899992,25.914443962000064],[-81.73658667099994,25.95944424600009],[-81.78056456799993,26.086943035000047],[-81.80193958299992,26.101943130000052],[-81.84583755699992,26.35055148200007],[-81.87609937399992,26.458331205000036],[-81.89083703599994,26.43971692100007],[-81.97005536799992,26.48283364000008],[-81.96455712999995,26.50633593400005],[-81.95205340799993,26.497831722000058],[-81.91873089899991,26.512332752000077],[-81.92277935499993,26.533609382000066],[-81.77779381499994,26.710555759000044],[-81.89334465499991,26.658886532000054],[-81.95083767299991,26.53944319900006],[-82.0211729749999,26.528055282000082],[-82.06416427099992,26.544999311000083],[-82.07972468899993,26.70777468500006],[-82.0172289439999,26.964716199000065],[-82.19194243999993,26.93805450800005],[-82.15083119499991,26.81888686800005],[-82.1583423749999,26.78000011900008],[-82.30278748699993,26.83722143400007],[-82.39527568099993,26.959997227000088],[-82.54472685699994,27.279442489000076],[-82.53722099899994,27.297223658000064],[-82.57583529999994,27.40000066600004],[-82.65526932699993,27.461663249000082],[-82.58860714499991,27.498332382000058],[-82.57444055799994,27.558612477000054],[-82.6161111799999,27.553607750000083],[-82.46972839699993,27.72943928300009],[-82.4016666839999,27.785278110000036],[-82.3883368139999,27.825277691000053],[-82.42249881999993,27.917495872000075],[-82.69137349099992,28.032220232000043],[-82.71916290799993,27.928054699000086],[-82.60359870499991,27.87305301200007],[-82.59472565099992,27.81333436400007],[-82.63138181199992,27.700274221000086],[-82.64750797399995,27.690834264000046],[-82.69099571499993,27.71121740800004],[-82.7600100709999,27.790276800000072],[-82.82223872399993,27.822774321000054],[-82.7386107929999,27.714499559000046],[-82.72250021399992,27.656942180000044],[-82.8533340059999,27.855277880000074],[-82.84972935699994,27.90388832800005],[-82.82362739799993,27.946664958000042],[-82.83999838799991,27.89749708800008],[-82.83055869799995,27.889439619000086],[-82.7975024669999,27.969718498000077],[-82.74972749599993,28.230549894000035],[-82.6630570069999,28.43999580600007],[-82.62860740999992,28.696387947000062],[-82.63555637799993,28.750834225000062],[-82.68083044299993,28.802219711000077],[-82.63444089899991,28.83444355200004],[-82.63110145899992,28.884995922000087],[-82.7508370079999,29.007500047000065],[-82.8027754009999,29.154997621000064],[-82.95944133199993,29.186384322000038],[-82.98555102699993,29.178608583000084],[-83.0716715559999,29.224437956000088],[-83.22250841399995,29.422775667000053],[-83.3947301309999,29.52083370300005],[-83.42806241699992,29.66833127700005],[-83.57639441599991,29.758056151000062],[-83.58556341999991,29.811663276000047],[-83.6694423209999,29.906109135000065],[-83.77471898899995,29.973331855000083],[-83.8822228329999,30.013055743000052],[-84.01695085999995,30.099997529000063],[-84.20750468299991,30.10555626000007],[-84.32917854099992,30.07083246800005],[-84.46001094699994,29.99860502100006],[-84.44166275899994,29.95972028500006],[-84.33721644299993,29.94416276800007],[-84.3522157829999,29.890557655000066],[-84.37917068899992,29.888052273000085],[-84.36639497199991,29.904444917000035],[-84.40973111499994,29.91693963000006],[-84.5158354589999,29.91472000200008],[-84.74749606799992,29.78333334200005],[-84.86555257499992,29.737495919000082],[-84.88528869399994,29.747219619000077],[-84.85971753699994,29.785834700000066],[-84.86582566999994,29.803607819000035],[-84.97778815099991,29.733606037000072],[-85.35417203899993,29.676664439000035],[-85.38361462099994,29.70360786100008],[-85.41139220899993,29.785277277000034],[-85.4072268509999,29.86249536400004],[-85.39138546099991,29.869997424000076],[-85.3999920149999,29.81361324800008],[-85.38778549799991,29.747219619000077],[-85.3508323019999,29.68666181900005],[-85.30332543299994,29.70249502900009],[-85.30944057399995,29.823612641000068],[-85.3666527449999,29.90166183000008],[-85.60943627499995,30.066668905000085],[-85.63394438899991,30.10444080900004],[-85.5969463109999,30.101774439000053],[-85.45195193199993,30.01527738300007],[-85.3922246539999,30.049441134000062],[-85.44249048899991,30.05416413100005],[-85.64888114299993,30.14683106800004],[-85.68966329499995,30.187086218000047],[-85.66362531999994,30.246108591000052],[-85.7469541289999,30.297220396000057],[-85.8388934649999,30.28972034900005],[-85.84805957299994,30.25000249800007],[-85.8336243089999,30.22666521700006],[-85.80695355199992,30.242492389000063],[-85.75944313699995,30.23916395400005],[-85.72200384299992,30.16333036700007],[-85.7255548839999,30.125830131000043],[-85.9299939899999,30.24471805400009],[-86.33417432599992,30.376386443000058],[-86.34055542099992,30.392495345000043],[-86.2274988769999,30.399721712000087],[-86.10194672299991,30.37916550500006],[-86.12527749899994,30.430555016000085],[-86.26333577199995,30.49666691500005],[-86.43805015599992,30.49610748100008],[-86.58629548399995,30.433503116000054],[-86.9266651559999,30.399164289000055],[-87.19027489199993,30.354164006000076],[-87.12166438799994,30.393052767000086],[-87.00361746099992,30.408885977000068],[-86.93638103099994,30.450000402000057],[-87.01251643799992,30.519998159000068],[-87.17111497399992,30.52638939900004],[-87.15305457099993,30.483331039000063],[-87.17971660199993,30.431665836000036],[-87.30665265999994,30.32138676800008],[-87.52860666099991,30.278887842000074],[-87.37693714199992,30.411107617000084],[-87.3819422119999,30.461664012000085],[-87.4203981949999,30.48094639800007],[-87.40889130399995,30.452777452000078],[-87.4613964529999,30.361941759000047],[-87.56862102699995,30.27944526400006],[-87.73360758199993,30.234994354000037],[-88.02362428899994,30.219442874000038],[-88.0211161279999,30.232495009000047],[-87.95249134699992,30.248330231000068],[-87.86915439699993,30.23777341600004],[-87.77306173199992,30.265002592000087],[-87.75639178799992,30.285279081000056],[-87.76750169099995,30.308056928000042],[-87.91250093199994,30.41416639600004],[-87.9341602639999,30.495274366000046],[-87.90834053999993,30.54639019600006],[-87.92833527099992,30.636386737000066],[-87.94694344099992,30.669717373000083],[-88.02027245999994,30.701108100000056],[-88.10055924099993,30.51500349400004],[-88.10999408899994,30.372220868000056],[-88.13276722099994,30.31444414300006],[-88.19360175999992,30.326665175000073],[-88.19415417599993,30.366664756000034],[-88.3502753649999,30.40499609400007],[-88.4021960579999,30.38766368100005],[-88.40721946499991,30.352777494000065],[-88.46306,30.315275245000066],[-88.6144349409999,30.36361201300008],[-88.7225026779999,30.346386254000038],[-88.83582982099995,30.416939421000052],[-88.92389059999994,30.43611112800005],[-88.98137795799994,30.423886071000084],[-88.9849971889999,30.386385835000056],[-89.31332652499992,30.308334633000072],[-89.4158313769999,30.231939599000043],[-89.44665327699994,30.183886573000052],[-89.52206329299992,30.18685882200009],[-89.58389022799992,30.150829617000056],[-89.97694599699992,30.26277692800005],[-89.99499839099991,30.314164425000058],[-90.05777310299993,30.356943069000067],[-90.20638737699994,30.389164897000057],[-90.24194326499992,30.372220868000056],[-90.41973048799991,30.19832924500008],[-90.43137782799994,30.15777425500005],[-90.40805290399993,30.093050880000078],[-90.3497319299999,30.061664178000058],[-90.16583220899992,30.023057147000088],[-90.02472198299995,30.03861063900007],[-89.81193229799993,30.099164414000086],[-89.6672176109999,30.167777671000067],[-89.64334414299992,30.13027743500004],[-89.71915815099993,30.058056026000088],[-89.80861139199993,30.043611342000077],[-89.84388848099991,30.00889016800005],[-89.8191671049999,29.944995883000047],[-89.65805376499992,29.87389133100004],[-89.59638621199991,29.883886698000083],[-89.56582181899995,29.96111082200008],[-89.48306413899991,30.074166940000055],[-89.39944642599994,30.050835696000036],[-89.33361937599994,29.876386651000075],[-89.40417487799994,29.762499431000037],[-89.42972519099993,29.80833484100009],[-89.47999526199993,29.831939766000062],[-89.66251399599992,29.666387342000064],[-89.75334021799995,29.63083104100008],[-89.67639066299995,29.523890470000083],[-89.51916314499994,29.46249553100006],[-89.46416788599993,29.40305458800009],[-89.2558453979999,29.33471903600008],[-89.18721332599995,29.33971772600006],[-89.00834435199994,29.194162075000065],[-89.0369431119999,29.116108860000054],[-89.15388571499994,29.039999581000075],[-89.2452664939999,29.10527635300008],[-89.32138958799993,29.026947446000065],[-89.36304949099991,28.95360917900007],[-89.39834356299991,28.92805227000008],[-89.41416777199993,28.93444351000005],[-89.4024902399999,28.96916669600006],[-89.30444614399994,29.078612649000036],[-89.27278311599991,29.15583476100005],[-89.32223457599991,29.180830222000054],[-89.32695826999992,29.10638516100005],[-89.35888588299991,29.084720146000052],[-89.39556021899995,29.093888436000043],[-89.47860832499993,29.23360624500009],[-89.59444988199994,29.246109007000086],[-89.78138319899995,29.332497396000065],[-89.74942914399992,29.362773278000077],[-89.77528072399991,29.41638845300008],[-89.98527434499994,29.486384197000064],[-90.17833033699992,29.57250091800006],[-90.20472733399993,29.536942605000036],[-90.17027728199992,29.48610850500006],[-90.05888319899992,29.460827289000065],[-90.02582988599994,29.425273],[-90.05694425599995,29.311947227000076],[-90.06220894299992,29.22055209800004],[-90.04861321499993,29.22333116100009],[-90.0658246399999,29.183335604000035],[-90.10999924899994,29.143331999000054],[-90.20666586999994,29.091944501000057],[-90.23665660799992,29.090553964000037],[-90.27277649199993,29.259720577000053],[-90.34500111799991,29.309166152000046],[-90.4466588009999,29.320833786000037],[-90.54998825899992,29.29277753300005],[-90.67860197099992,29.129720429000088],[-90.76500957699994,29.109439916000042],[-90.88055379199994,29.129720429000088],[-91.00306667199993,29.220831816000043],[-91.0347326399999,29.218610176000084],[-91.05555034299994,29.190551910000067],[-91.2827748009999,29.258889474000057],[-91.3369476549999,29.313613457000088],[-91.33778347499992,29.335272434000046],[-91.22332632299992,29.36055566200008],[-91.16389350299994,29.334996741000054],[-91.1741562069999,29.275831491000076],[-91.15028373799993,29.248884045000068],[-91.1161048319999,29.26333476600007],[-91.11555358599992,29.330277769000077],[-91.26722213499994,29.466938811000034],[-91.41500332399994,29.54027707700004],[-91.52305319699991,29.532221620000087],[-91.54332806899993,29.54277843500006],[-91.55833516099995,29.635554039000056],[-91.62998977099994,29.739164162000066],[-91.82278481599991,29.79027798000004],[-91.84167046599993,29.83027756000007],[-91.95862137499995,29.82749447300006],[-92.13612308199993,29.767222428000082],[-92.1758256569999,29.69027600900006],[-92.09973288399993,29.61555123000005],[-92.2672300879999,29.542225037000037],[-92.30833682299993,29.539719655000056],[-92.68777439799993,29.600273430000072],[-93.03750584499994,29.739164162000066],[-93.24083485299991,29.78499957200006],[-93.71277663299992,29.760277791000078],[-93.84583482099993,29.705831513000078],[-93.88556537799991,29.745273672000053],[-93.90139695499994,29.80666659900004],[-93.87943262099992,29.82749447300006],[-93.80665162199995,29.837220185000035],[-93.77362581099993,29.898055690000035],[-93.76390273999993,29.955274993000046],[-93.76750841699993,29.97944136400008],[-93.79166630499992,29.995272561000036],[-93.85583893699993,29.98305354200005],[-93.9566638849999,29.832497188000048],[-93.95528001999992,29.793332734000046],[-93.88779069799995,29.73722022700008],[-93.85750345999992,29.676109029000088],[-94.03639212799993,29.67916378400008],[-94.12609612699993,29.65666565500004],[-94.6466707489999,29.45082990900005],[-94.7597288739999,29.366107750000083],[-94.78722288799992,29.36944423400007],[-94.78500428099994,29.393612618000077],[-94.69444412899992,29.466107708000038],[-94.50306014499995,29.51666812800005],[-94.47582751099992,29.561390706000054],[-94.56946213799995,29.574444853000045],[-94.67554654799994,29.552777827000057],[-94.7658405709999,29.568055626000046],[-94.72471422299992,29.625278954000066],[-94.70612045799993,29.71610861000005],[-94.71001130299993,29.756110204000038],[-94.75361175699993,29.78777662200008],[-94.9536161609999,29.694717276000063],[-95.05943179499991,29.71888566000007],[-95.01583876199993,29.565550244000065],[-94.87388509199991,29.37694226900004],[-94.90278665699992,29.314442547000056],[-95.0938840199999,29.17777546800005],[-95.15222138399992,29.18055453000005],[-95.15916337499993,29.117501410000045],[-95.14084204699992,29.05749902000008],[-95.30999845399992,28.926941450000072],[-95.6230469009999,28.75333558200009],[-95.79721938199992,28.736940926000045],[-95.93083263799991,28.693888602000072],[-95.94694454199993,28.68194125100007],[-95.95445106699992,28.627223305000086],[-95.7708709129999,28.68979144800005],[-95.8272216449999,28.64833492200006],[-96.00056279499995,28.59027646700008],[-96.21277949899991,28.485553511000035],[-96.14666290899993,28.53833355900008],[-95.99415724499994,28.60527656100004],[-95.98582661699993,28.649166024000067],[-96.21666040899993,28.578055435000067],[-96.21860833199992,28.601112999000065],[-96.13722228099994,28.628334125000038],[-96.1877736429999,28.69499539800006],[-96.2700074409999,28.68416691500005],[-96.44194030299991,28.76361469200009],[-96.41444814399995,28.637220685000045],[-96.36999949199992,28.62333141000005],[-96.4383221569999,28.596108272000038],[-96.55526218299991,28.64666466700004],[-96.55943576199991,28.69249605300007],[-96.58416152199993,28.717217834000053],[-96.64167399899992,28.71971919200007],[-96.65083644299995,28.681385841000065],[-96.58389335399994,28.566941198000052],[-96.40889763199993,28.46055603700006],[-96.39834818299994,28.43610994800008],[-96.6647131659999,28.314998373000037],[-96.7005555049999,28.336109990000068],[-96.70584069699993,28.39694348200004],[-96.78944290499993,28.47610550400009],[-96.80360890199995,28.473052762000066],[-96.84584530699993,28.40750029700007],[-96.7813893949999,28.346109382000066],[-96.78084244899992,28.241384414000038],[-96.88275985799993,28.140277660000038],[-96.9863832609999,28.121943094000073],[-97.01611092299993,28.135830356000042],[-97.02805660299992,28.18638473900006],[-97.17249478299993,28.15999874000005],[-97.21278374299993,28.063886651000075],[-97.18028390099994,28.05944135900006],[-97.14416877699995,28.02805667000007],[-97.10027882499992,28.06832993100005],[-97.04861467099994,28.088330728000074],[-97.02582885499993,28.07861105300009],[-97.02193931699992,28.03305536000005],[-97.18472441099993,27.82749530600006],[-97.21666104999991,27.818057361000058],[-97.49249584299992,27.87805170100006],[-97.5205527309999,27.86639010400006],[-97.4885946839999,27.828332446000047],[-97.39277400599991,27.78333216300007],[-97.31555780399992,27.715554033000046],[-97.27971720199992,27.656109065000066],[-97.41111350099993,27.327495514000077],[-97.5147322329999,27.298887875000048],[-97.45666211899993,27.337500943000066],[-97.48804523699994,27.39638647600009],[-97.6212864119999,27.336889188000043],[-97.63827166199991,27.37088792600008],[-97.77389032399992,27.458886199000062],[-97.63917260199992,27.254720707000047],[-97.5416668119999,27.233882771000083],[-97.42389471099995,27.267499161000046],[-97.47500271199993,27.030834136000067],[-97.56470887599994,26.996942053000055],[-97.5594325319999,26.83611262700009],[-97.5438928239999,26.815834125000038],[-97.49553717499992,26.80083604300006],[-97.42304706999994,26.54555270900005],[-97.41639765399992,26.415552562000073],[-97.40194416999992,26.369443471000068],[-97.36722033199993,26.363611666000054],[-97.31861391099994,26.246108244000084],[-97.3175002609999,26.16138608500006],[-97.25278552999993,25.984721437000076],[-97.18777504799993,26.009165514000074],[-97.1644366299999,26.074719991000052],[-97.13694743899993,25.93972316600008],[-97.16028322699992,25.772222783000075],[-97.25445153099992,25.510831952000046],[-97.44278424899994,25.201665800000058],[-97.51583788799991,25.037222184000086],[-97.65166630499994,24.520276350000074],[-97.71555730099993,24.074996516000056],[-97.76306050099993,23.38166575200006],[-97.74138815399994,22.905832332000045],[-97.75499920499993,22.849444132000087],[-97.79673208899993,22.788603503000047],[-97.97715334799994,22.968778806000046],[-98.1058288669999,23.250750870000047],[-98.2559349039999,23.64117372900006],[-98.64099651399994,24.32441373100005],[-98.87561722399994,24.617230875000075],[-99.08526606599992,24.844977542000038],[-99.27119528299994,24.95342833600006],[-99.44343461099993,25.105259448000083],[-99.52896458499993,25.20286516300007],[-99.61234747999993,25.506527386000073],[-99.56216248099992,25.614978180000037],[-99.55691647999993,25.962020721000044],[-99.60726987499993,26.168077229000062],[-100.01442840699991,26.927232787000037]]]}},{"type":"Feature","properties":{"id":"15","n":"Cambro-Ordovician Aquifer System"},"geometry":{"type":"Polygon","coordinates":[[[-91.34865528799992,45.775700967000034],[-91.19921174199993,45.55091277200006],[-91.12225542099992,45.34578742300005],[-91.12267491699993,45.170053720000055],[-90.92634893499991,45.12125320600006],[-90.59752773199995,44.98468266200007],[-89.93788882199993,44.57606900700006],[-89.6518419279999,44.605246633000036],[-89.43447178999992,44.605246633000036],[-89.14201842499995,44.71224318600008],[-88.86366075899991,44.86790800300008],[-88.3858921339999,45.28720050000004],[-88.1869258289999,45.48252535800009],[-87.88349303099994,45.55091277200006],[-87.70650803899991,45.49229423500009],[-87.4049159569999,45.08221730100007],[-87.37592617699994,44.86790800300008],[-87.48651757399995,44.71224318600008],[-87.52488775299992,44.556618031000085],[-87.57016175299992,44.45937243700007],[-87.51453479799994,44.28436935700006],[-87.55130941499993,44.21632613400004],[-87.65341313999994,44.15800940000008],[-87.7352903929999,44.06082720200004],[-87.76911830899991,43.96366044800004],[-87.73015679699995,43.701387296000064],[-87.84280606699991,43.546019210000054],[-87.89851747199992,43.419811680000066],[-88.01988313099992,43.351864557000056],[-87.96584236899992,43.24510574200008],[-87.85986671899991,42.81825650600007],[-87.80228584799994,42.701894680000066],[-87.86442306099991,42.53708657300007],[-87.8599252919999,42.43046964100006],[-87.88170338999993,42.35294169900004],[-87.71307891399994,42.004187201000036],[-87.44944672199995,41.674989896000056],[-87.4617984759999,41.42336985800006],[-87.5307051879999,41.31694625800009],[-87.68478985899992,41.31694625800009],[-87.91560672299994,41.278251339000064],[-89.05406613999992,41.22988611800008],[-89.25009664999993,41.26857799000004],[-89.54633714599993,41.26857799000004],[-89.93537137899995,41.23955885700008],[-90.1645706949999,41.297598494000056],[-90.39020329899995,41.56852267900007],[-90.52746686799992,41.849248824000085],[-91.06035835499995,42.22697969700005],[-91.2437165849999,42.40139551400006],[-91.48901425799994,42.85704869300008],[-91.47294312299994,43.148068425000076],[-91.54918891599993,43.49747477200009],[-91.7168061079999,43.78879918500007],[-91.8645624109999,43.97337642800005],[-91.9863594069999,44.19688660500009],[-92.0531484469999,44.449648729000046],[-92.04338464699993,44.69278787300004],[-92.1348932709999,44.877638371000046],[-92.17819598499995,45.15053276300006],[-91.94922794899992,45.50206336300005],[-91.82709413899994,45.60954035200007],[-91.67516878999993,45.70727308900007],[-91.55115232399993,45.74637322500007],[-91.34865528799992,45.775700967000034]]]}},{"type":"Feature","properties":{"id":"16","n":"California Cenral Vally Aquifer System"},"geometry":{"type":"Polygon","coordinates":[[[-122.64765429399989,37.90571549300006],[-122.67626541499993,38.102663790000065],[-122.72904082499991,38.17850146100005],[-122.43057683599994,38.20280644200005],[-122.11101127099994,38.198590194000076],[-122.07626129199991,38.37989924900006],[-122.09746961899992,38.59496782500008],[-122.4382690079999,39.02097638400005],[-122.52421949799992,39.25301069900007],[-122.69304913299993,39.58635740900007],[-122.7033852429999,40.10153941800007],[-122.47811936099993,40.67314532600005],[-122.3410006869999,40.67738142700006],[-122.11156391899993,40.60113608000006],[-121.96982260399994,40.49102060000007],[-121.7854293449999,40.22851706100005],[-121.73764299599992,40.050755697000056],[-121.75341227399991,39.873346440000034],[-121.5648808009999,39.620118053000056],[-121.40522748399991,39.43866327300009],[-121.20941353899991,39.08003635500006],[-121.12684010999993,38.814284282000074],[-120.83924768299994,38.21123897200005],[-120.62896992899994,37.852897030000065],[-120.40136929599993,37.540996428000085],[-120.06037596499993,37.21230448400007],[-119.7244823559999,36.925809566000055],[-119.18116954499993,36.56776558300004],[-119.00563556599991,36.42457120600005],[-118.78164416699991,35.99506762700008],[-118.71395499099992,35.75931245600009],[-118.75819782299993,35.62461134700004],[-118.5555812959999,35.23320281300005],[-118.5650227889999,35.12800235000009],[-119.0503174939999,34.76652687600006],[-119.26467195099991,34.67831131300005],[-119.39559346199991,34.65730760800005],[-119.6116573239999,34.749723912000036],[-119.81950498999993,34.98916615400009],[-119.89567876599995,35.144833944000084],[-120.0564632629999,35.24582735000007],[-120.1921618369999,35.39732982000004],[-120.23242453899991,35.548847127000045],[-120.12778362199992,35.713007626000035],[-120.27829254599993,35.96980642600005],[-120.4066685489999,36.091906057000074],[-120.65551868799992,36.38666903200004],[-120.81816905699992,36.609884100000045],[-121.17601582499992,37.165956117000064],[-121.41676845099994,37.48620958100008],[-121.6100159259999,37.68850913400007],[-121.93804011299994,37.87397366700009],[-122.28941463599995,38.029407382000045],[-122.21584143799993,38.06666845700005],[-122.15584266499991,38.05475689800005],[-122.01584366499992,38.06610302800004],[-121.68998581499994,38.01693848000008],[-121.6536702979999,38.03849942800008],[-121.64716220399993,38.07666144600006],[-121.59555635499993,38.105558623000036],[-121.42916328899992,38.003326850000064],[-121.42331271599994,38.01693848000008],[-121.57668721999994,38.11583088200007],[-121.65360644099991,38.103607632000035],[-121.68055711799991,38.06716559000006],[-121.7280710469999,38.04444481000007],[-121.90527294099991,38.06610302800004],[-121.9777915119999,38.097213589000035],[-122.10973609799993,38.06138106700007],[-122.36527450099993,38.15554983000004],[-122.4813719469999,38.11859776400007],[-122.47917096099991,37.93359818000005],[-122.42000050299993,37.89083524800009],[-122.4516888309999,37.83638595300005],[-122.50610938799991,37.830275157000074],[-122.64765429399989,37.90571549300006]]]}},{"type":"Feature","properties":{"id":"37","n":"Canning Basin"},"geometry":{"type":"Polygon","coordinates":[[[118.85745412800009,-20.229239630999928],[118.95276764500011,-20.11277410999992],[118.97970875100009,-20.03944188099996],[119.08249065300004,-19.967496163999954],[119.18887869600007,-19.959438693999914],[119.434139329,-20.016941738999947],[119.57859735500006,-20.071110311999917],[119.78553336900006,-19.971659725999928],[120.23442864200001,-19.910274848999904],[120.98665015900008,-19.61472026599995],[121.23887820100003,-19.433886017999953],[121.33387687000004,-19.332217817999947],[121.48859195,-19.123053635999952],[121.63942631400005,-18.813883458999953],[121.771929538,-18.657219607999934],[121.77888301500002,-18.63055187899994],[121.75747807800008,-18.596386115999906],[121.76500388300008,-18.556106816999943],[121.80999041100006,-18.461662970999953],[121.8844207620001,-18.474996835999946],[121.939694863,-18.44805140199992],[122.01888884000005,-18.387217908999958],[122.066673735,-18.31749986899996],[122.31051675100002,-18.15943944399993],[122.35331028400003,-18.105554612999924],[122.36971179900002,-18.038329880999925],[122.35442635000004,-17.99249245799996],[122.25278151500004,-17.958328706999907],[122.21082972400006,-17.900831698999923],[122.20055022000008,-17.70777239499995],[122.13860505500008,-17.528330696999944],[122.14389387400001,-17.36305396599994],[122.17498355000009,-17.243328903999952],[122.25332437000009,-17.111386833999916],[122.3791525370001,-16.996107063999943],[122.45221001800007,-16.951939895999942],[122.5785967270001,-16.959160225999938],[122.52247644400006,-16.84666555499996],[122.57191917,-16.784995928999933],[122.5974876250001,-16.778612738999925],[122.62885399700008,-16.80250039999993],[122.78692826600002,-16.757499109999912],[122.735520995,-16.699718359999906],[122.76249609700005,-16.595551820999958],[122.78804072100002,-16.56694116299991],[122.83748127500007,-16.56166678099993],[122.89276086400002,-16.507775912999932],[122.89359577000005,-16.460553989999937],[122.9177616500001,-16.41555270099991],[122.99164999700008,-16.389717080999958],[123.06218359500008,-16.451660386999947],[123.03887257100007,-16.483327811999914],[123.00193364200004,-16.47138146599991],[122.98415436700009,-16.481108183999936],[122.95525720600006,-16.584442614999944],[122.9738756270001,-16.624440182999933],[123.09610053100005,-16.71610597399996],[123.11638397200011,-16.792776699999933],[123.30774978400007,-17.137497140999926],[123.5524619360001,-17.512777204999907],[123.57526951200009,-17.59749533899992],[123.59471272600001,-17.51221777099994],[123.559988223,-17.445828165999956],[123.56360125900005,-17.36721752899996],[123.621644253,-17.20138740099992],[123.57248288100004,-17.064720320999925],[123.59664753000004,-16.989993529999936],[123.65998757700004,-16.996384768999917],[123.782496219,-17.142495830999906],[123.86192092100009,-17.211107074999916],[123.88889063300007,-17.222770684999944],[123.91776025600007,-17.211384779999946],[123.8727415730001,-17.18860693399995],[123.83249630900002,-17.138887677999946],[123.79498978000004,-17.009163223999906],[123.89166793900006,-16.89333005599991],[123.85831439800006,-16.87638401399994],[123.78221522500007,-16.898886167999933],[123.73194553100006,-16.819868647999954],[123.81982273300002,-16.807772077999914],[124.01562563100003,-16.895570428999918],[124.22502699200004,-16.958205780999947],[124.46749102400008,-17.099135323999917],[124.8399728170001,-17.443629760999954],[125.03669320400002,-17.709830008999916],[125.297987165,-18.023006769999938],[125.51517969600002,-18.116959797999925],[125.7341305220001,-18.304865854999946],[125.76701013700006,-18.461454235999952],[125.9262369600001,-18.618042616999958],[126.17370754300009,-18.68067796899993],[126.38643438400004,-18.66501913099995],[126.59243578500002,-18.618042616999958],[126.7737306250001,-18.53974842599996],[127.02236972800006,-18.774630996999917],[127.19635719200005,-18.993854729999953],[127.19839335200004,-19.166101948999938],[127.1577178,-19.307031491999908],[127.21040419000008,-19.62020825299993],[127.5052374280001,-20.121291070999916],[127.68215235800005,-20.74764459399995],[127.85537367400002,-21.49926882099993],[128.10575675400003,-22.25089304799991],[128.5535504390001,-22.751975866999942],[128.41936082000007,-23.018176113999914],[128.2598769660001,-23.03383495199995],[128.13397752900005,-23.112129141999958],[128.1610804390001,-23.221741008999913],[128.24800941400008,-23.425305903999913],[128.36378965900008,-23.59755312199991],[128.5246406980001,-24.30220083499995],[128.48411114700002,-24.427471539999942],[128.0213614160001,-24.255224320999957],[127.732501888,-24.192588968999928],[127.71607382500008,-24.270883158999936],[127.49517987500008,-24.474448053999936],[127.31316907900009,-24.474448053999936],[127.084561463,-24.50576572999995],[127.1327747570001,-24.975530871999922],[127.1462520130001,-25.273048795999955],[127.08762582200006,-25.38266066199992],[126.84556240100005,-25.304366471999913],[126.63546944900008,-25.022507386999905],[126.27075223100007,-24.740648300999908],[125.53186870500008,-24.411812701999906],[125.16238172300007,-24.09863594099994],[124.671742462,-23.879412207999906],[124.56637454200006,-23.59755312199991],[124.06154025900003,-23.23739984699995],[123.70804904800002,-23.04949378999993],[123.42764152900008,-22.861587732999908],[123.23808951600006,-22.517093295999928],[123.00958227400008,-22.391822590999936],[122.63307805200009,-22.09430466799995],[122.13539690800008,-21.655857201999936],[121.80186083500007,-21.29570392599993],[121.499017578,-20.904232974999957],[121.05650222300005,-20.528420860999915],[120.685171233,-20.481444346999922],[120.41087850100007,-20.465785508999943],[119.796704481,-20.465785508999943],[119.294183288,-20.309197127999937],[118.85745412800009,-20.229239630999928]]]}},{"type":"Feature","properties":{"id":"36","n":"Great Artesian Basin"},"geometry":{"type":"Polygon","coordinates":[[[133.5529736850001,-28.19246588799996],[133.503482448,-28.03114146999991],[133.53139170600002,-27.87877951899992],[133.53763172000004,-27.31414405599992],[133.43290630900003,-26.95564534899995],[133.46360051200008,-26.740546124999923],[133.5890757840001,-26.399972352999953],[133.74030946300002,-26.131098322999947],[133.71173144700003,-25.91599909899992],[133.616605714,-25.620237665999923],[133.60729570800004,-25.45891324799993],[133.76222207400008,-25.38721350599991],[133.95675316300003,-25.20796415299992],[134.230300629,-25.04663973499993],[134.52317213600008,-24.750878301999933],[134.50741777200005,-24.61644128699993],[134.62850965400003,-24.293792449999955],[134.768601977,-24.195205305999934],[134.942348304,-24.105580628999917],[135.54370581900002,-24.096618161999913],[135.68612622600006,-24.006993484999953],[135.80853775100002,-23.881518936999953],[135.913428759,-23.729156986999953],[136.33126071900006,-23.540945165999915],[136.54742630700002,-23.415470618999905],[136.87916106900002,-23.567832568999904],[137.19833840400008,-23.59471997199995],[137.565484073,-23.567832568999904],[137.75813657800006,-23.433395553999958],[138.07637437200003,-23.379620747999923],[138.441698524,-23.19140892699994],[138.61922408200007,-23.039046975999952],[138.68146104100003,-22.725360607999903],[138.62326784900006,-22.384786835999932],[138.6700144250001,-22.205537482999944],[138.85312574700004,-22.15176267699991],[139.17319411800008,-22.02628812899991],[139.37019207800006,-22.02628812899991],[139.557310464,-22.187612546999958],[139.59618969400003,-22.37582436899993],[139.7235240450001,-22.465449044999957],[139.8655191590001,-22.492336447999946],[139.98159211300003,-22.734323074999907],[140.01909706900005,-22.91357242899994],[140.1748823150001,-22.91357242899994],[140.34496670200008,-22.734323074999907],[140.30078538600003,-22.41167423899992],[140.42145694400006,-22.160725143999912],[140.540815468,-22.062138],[140.64023089500006,-21.84703877599992],[140.619141764,-21.685714357999927],[140.411040877,-21.237590973999943],[140.23501583300003,-20.95079200899994],[140.013838878,-20.099357579999946],[139.70697716900008,-19.740858872999922],[139.3303458360001,-19.597459389999926],[138.986628225,-19.418210036999938],[138.9274759120001,-19.17622340999992],[138.70277059,-18.754987428999925],[138.295448663,-18.15450209499994],[137.801230197,-17.36580493999992],[137.5212489920001,-16.820041390999904],[137.26401893600007,-16.522076071999948],[136.72619970900007,-16.165138450999905],[136.41019115000006,-15.767851358999906],[136.37981822900008,-15.627295194999931],[136.59829931000002,-15.739162947999944],[136.76580415500007,-15.904442696999922],[137.03055368800005,-15.91471979399995],[137.13665529800005,-15.968606636999937],[137.3738411710001,-16.129999521999935],[137.47911964600007,-16.17471706999993],[137.58523147100004,-16.18777423499995],[137.73080847200004,-16.24610636999995],[137.86049975100002,-16.43999677699992],[138.19939804400008,-16.70971875899994],[138.46691926300002,-16.785275646999935],[138.64664073300003,-16.779720540999904],[138.69356919000006,-16.817218763999904],[138.8485711620001,-16.877773545999958],[139.01749013300002,-16.903051742999935],[139.14135780200002,-17.074164302999918],[139.1627439340001,-17.20304759399994],[139.24410278200003,-17.329161882999927],[139.3302637160001,-17.366662118999955],[139.43720294500008,-17.379162867999923],[139.53274533400008,-17.439165257999946],[139.62188655600005,-17.525553646999924],[139.81414642900006,-17.575276927999937],[139.94634913100003,-17.657771409999953],[139.99163631200008,-17.70499735699991],[140.1321721600001,-17.71916433699994],[140.39663861300005,-17.673328925999954],[140.534145997,-17.624440772999947],[140.758026158,-17.477772289999905],[140.83135864000008,-17.45360792999992],[140.885807828,-17.359719493999933],[140.94219908700006,-17.15110669799992],[140.94912938100003,-17.01361052799996],[141.19442693300005,-16.703883934999908],[141.29553044500005,-16.47638518699995],[141.31552115300008,-16.35749827099994],[141.42691555600004,-16.07916240399993],[141.40053828100008,-15.905832227999952],[141.4605085070001,-15.536108275999936],[141.63580047300002,-15.146942961999912],[141.66580127100008,-15.036107477999906],[141.5677554990001,-14.76888886599994],[141.52027083100006,-14.47499950699995],[141.5916454190001,-14.264719474999936],[141.59997797100004,-14.13444262899992],[141.5749783,-14.058886746999917],[141.47525183000005,-13.943886693999957],[141.4688382600001,-13.828053526999952],[141.54193546800002,-13.532774635999942],[141.6882945870001,-13.26083000899996],[141.68081093500007,-13.21527330999993],[141.6299451440001,-13.15694117399994],[141.5855098080001,-13.001388142999929],[141.5938410120001,-12.95749767399991],[141.62884185200005,-12.908053104999908],[141.652192614,-12.912498396999922],[141.7477338330001,-12.824439752999922],[141.798579818,-12.68582873899993],[141.852481334,-12.701829979999957],[141.88802797300002,-12.754998411999907],[141.890532603,-12.84638347899994],[141.93496694700002,-12.911107859999959],[141.94107622600006,-12.869162330999927],[141.8838690240001,-12.704165317999923],[141.83935391,-12.672497892999957],[141.71774357900006,-12.493328868999924],[141.75247594300004,-12.467219568999951],[141.6613749820001,-12.448329592999926],[141.65442003300006,-12.528329759999906],[141.68524451200005,-12.551663016999953],[141.621615754,-12.571108403999915],[141.58941674900007,-12.546943037999938],[141.73855472000002,-12.232773164999912],[141.80163669500007,-12.058886573999928],[141.85244432900004,-11.984440505999942],[141.8880277300001,-11.958330198999931],[141.90169827900002,-11.964998136999952],[141.89108657500003,-11.99443989799994],[141.9169375580001,-12.08888474999992],[142.02886529900002,-12.062218026999915],[142.030826745,-12.033886080999935],[141.98412651900003,-11.982497576999947],[141.94918866,-11.967329450999955],[141.946626583,-11.92444213999994],[141.96969213600005,-11.805830916999923],[142.12411336700006,-11.367219020999926],[142.15887661700003,-11.149440953999942],[142.1419385590001,-10.956663378999906],[142.18774026800008,-10.920830378999938],[142.22275144600007,-10.926663190999932],[142.33941043700008,-10.898608948999936],[142.40246872900002,-10.818053370999905],[142.44192806400008,-10.710554371999933],[142.5188600030001,-10.706663482999943],[142.60885650800003,-10.744439411999906],[142.61577936900005,-10.758332710999923],[142.59552202500004,-10.792496461999917],[142.51608170500003,-10.856107004999956],[142.50278005200005,-10.948607921999951],[142.52804170600007,-10.940275765999957],[142.56136863000006,-10.876386512999943],[142.60385328200005,-10.868886464999946],[142.72607329100003,-10.964443143999915],[142.7855221530001,-11.073329661999935],[142.86746032000008,-11.381663704999937],[142.83914143800007,-11.508886802999939],[142.86745672000006,-11.715829343999928],[142.86022631000003,-11.83777604599993],[142.98245231400006,-11.934719237999957],[143.0374725800001,-11.932774295999934],[143.08996135900009,-11.90361024099991],[143.12912000900008,-11.913329915999952],[143.19912383200005,-11.987496266999926],[143.1021760760001,-12.140275265999946],[143.07303060900006,-12.318608156999915],[143.0824506570001,-12.342773521999959],[143.1291693390001,-12.349017016999937],[143.05632376200003,-12.481260058999908],[142.830748987,-13.413356695999937],[142.83433204000005,-13.789780338999947],[142.88778315900004,-14.148279045999914],[142.91094343200007,-14.44404047899991],[142.98637273000008,-14.847351523999919],[143.09422354800006,-15.089338150999936],[143.38926890900007,-15.340287245999946],[143.7656427600001,-15.734635823999952],[143.78257615000007,-15.967659982999919],[143.7460708960001,-16.137946868999904],[143.76506731100005,-16.326158689999943],[143.95340540300003,-16.63088259099993],[144.08587233100002,-16.90871908899993],[144.2789550870001,-17.222405456999923],[144.41405301700001,-17.410617277999904],[144.448877961,-17.56297922899995],[144.288436767,-17.49127948699993],[143.92050281800005,-17.36580493999992],[143.714658278,-17.410617277999904],[143.44484412200006,-17.536091825999904],[143.30273921900005,-17.634678969999925],[142.82325260000005,-17.65260390499992],[142.70381787100007,-17.760153516999935],[142.57210078600008,-17.813928322999914],[142.28804894100006,-17.831853258999956],[141.99579119500004,-17.769115984999928],[141.83537778200002,-17.697416243999953],[141.79816219000008,-17.80496585599991],[141.864235721,-18.046952482999927],[142.07695921200002,-18.20827690099992],[142.3246613870001,-18.297901577999937],[142.5412875940001,-18.342713915999923],[142.83521657200004,-18.495075866999912],[143.07647994600006,-18.68328768799995],[143.32353804000002,-18.934236781999914],[143.76485071900004,-19.337547827999913],[144.18220781900004,-19.597459389999926],[144.6474709910001,-19.95595809699995],[145.1846204420001,-19.95595809699995],[145.43409540000005,-20.000770434999936],[145.56586471000003,-20.072470176999957],[146.0223370220001,-21.04041668499991],[146.29474564600002,-21.44372773099991],[146.69524434800007,-22.832910219999917],[146.74250901000005,-23.074896846999934],[146.85052993500005,-23.236221264999926],[147.5301509310001,-23.576795036999954],[147.774962479,-24.06076829099993],[147.89382772800002,-24.42822946499996],[148.27892503500004,-24.948052589999918],[148.306293159,-24.831540510999957],[148.319980633,-24.634366221999926],[148.31075534800004,-24.46407933599994],[148.40373045800004,-24.356529723999927],[148.4537605910001,-23.96218114699991],[148.51061629900005,-23.83670659899991],[148.37525661300003,-23.37065827999993],[148.40175446800004,-23.173483990999955],[148.43319161700003,-23.101784249999923],[148.55247996100002,-23.15555905599996],[148.70799575800004,-23.298958538999955],[149.50920006800004,-24.222092708999924],[149.66268202900005,-24.49096673899993],[149.86956045700003,-24.79569063999992],[150.15730789100007,-25.109377008999957],[150.545918647,-25.620237665999923],[150.65107828500004,-25.853261824999947],[150.76579162500002,-26.023548710999933],[151.01949729700004,-26.695733786999938],[151.11036975500008,-27.00942015499993],[151.30396472400002,-27.493393408999907],[151.51603672500005,-27.780192374999956],[151.45173774,-28.22831575799995],[151.3115441110001,-28.515114723999943],[151.28673478300004,-28.676439141999936],[151.279594373,-28.900500833999956],[151.21404999000003,-29.06182525199995],[151.16166951800005,-29.133524992999924],[150.99412334500005,-29.088712654999938],[150.88456507800004,-29.008050445999913],[150.63427369600004,-28.990125510999917],[150.575091369,-29.07078771999994],[150.550230994,-29.133524992999924],[150.37897994700006,-29.15144992899991],[150.4239245440001,-29.509948635999933],[150.40358804900006,-29.742972794999957],[150.22389198500002,-30.083546566999928],[150.37883540400003,-30.406195402999913],[150.32093066200002,-30.504782546999934],[150.1559089320001,-30.513745014999927],[149.86650101100008,-30.39723293499992],[149.75736590200006,-30.477895143999945],[149.781236949,-30.657144497999923],[149.7123374580001,-30.818468915999915],[149.5583795340001,-31.105267880999918],[149.38653009400002,-31.311404637999942],[149.309191049,-31.347254507999935],[148.977455093,-31.194892557999935],[148.80075081500001,-31.096305413999914],[148.7591244580001,-31.20385502599993],[148.964113956,-31.607166070999938],[149.060951326,-31.876040100999944],[148.94223402800003,-32.13595166299996],[148.90019612100002,-32.29727608199994],[147.10718427400002,-32.27038867899995],[147.021340108,-32.126989195999954],[146.64504999500002,-31.284517234999953],[146.45334218000005,-30.67506943299992],[146.581535164,-30.34345812899994],[146.53523660300004,-30.24487098499992],[146.0762040850001,-30.235908516999928],[145.717706959,-30.101471501999924],[145.14141921700002,-29.760897729999954],[144.92225597000004,-29.671273053999926],[144.69263037300004,-29.65334811799994],[144.66087467600005,-29.796747600999936],[144.5130292890001,-30.05665916399994],[144.26919288400006,-30.101471501999924],[144.07995207300007,-30.173171242999956],[143.72621926600004,-30.20902111399994],[143.40891796200003,-30.20902111399994],[143.18851448600003,-30.235908516999928],[143.10442246000002,-30.352420596999934],[142.982864424,-30.433082805999902],[142.93364093700006,-30.486857611999937],[143.12486108100006,-30.782619044999933],[142.91087246300003,-30.755731641999944],[142.6538174530001,-30.52270748299992],[142.32855901200003,-30.298645790999956],[142.18131168700006,-30.137321372999907],[141.87922884800003,-30.02977176099995],[141.380320923,-29.734010326999908],[141.2324659740001,-29.734010326999908],[141.25395512800003,-29.832597471999918],[141.10019296000007,-30.155246307999903],[140.8792902670001,-30.692994367999916],[140.7422106460001,-30.854318785999908],[140.537489359,-30.755731641999944],[140.05263699800003,-30.576482288999955],[139.66571934,-30.540632417999916],[139.50689921900005,-30.540632417999916],[139.35965609800007,-30.307608257999902],[139.22328939200008,-30.047696695999946],[139.04311289600003,-29.850522406999914],[138.73923724600002,-29.70712292399992],[138.12674554400007,-29.70712292399992],[137.94797389200005,-29.734010326999908],[137.2969443080001,-29.742972794999957],[136.85824287700007,-29.65334811799994],[136.45278975100007,-29.438248893999912],[136.3691681690001,-29.258999540999923],[136.303567348,-29.043900316999952],[136.20044606600004,-28.837763559999928],[135.8141389330001,-28.792951221999942],[135.687760368,-28.792951221999942],[135.653097914,-28.945313171999942],[135.607809771,-29.017012913999906],[135.36542590800002,-29.017012913999906],[135.05261547400005,-28.97220057499993],[134.6591659190001,-28.801913688999946],[134.22152888900007,-28.56888952999992],[133.8303802370001,-28.398602643999936],[133.66354852300003,-28.291053031999922],[133.5529736850001,-28.19246588799996]]]}},{"type":"Feature","properties":{"id":"1","n":"Nubian Aqufer System (Nubian Sandstone and Postnubian)"},"geometry":{"type":"Polygon","coordinates":[[[15.816474261000053,23.597149628000068],[15.833173849000048,23.692000001000054],[15.946968384000058,23.81056323100006],[16.058197807000056,23.846132253000064],[16.21377873600005,23.976551648000054],[16.30406409200009,24.21367758100007],[16.337034112000083,24.379665998000064],[16.505594131000066,24.889486885000053],[16.640586468000038,25.185894696000048],[16.913113449000036,25.446733486000085],[17.31457663000009,25.47044581600005],[17.51235306300009,25.577152881000075],[17.664312047000067,25.577152881000075],[17.770835597000087,25.48230250800009],[17.881826924000052,25.494158673000072],[17.884839499000066,25.565296189000037],[17.793168007000077,25.683859419000044],[17.784414806000086,25.80242264900005],[17.882337987000085,26.146255120000035],[18.00201375200004,26.347812558000044],[18.04155199300004,26.60865134800008],[18.244292274000088,26.79835209400005],[18.42074363900008,27.01176569800009],[18.67569794500008,27.40302388200007],[18.77716954400006,28.031408],[18.79881215900008,28.95619940100005],[18.76687648400008,29.801574281000057],[18.80706053700004,29.967120630000068],[18.95512474600008,30.139158724000083],[19.218330036000054,30.26694470600006],[19.344996906000063,30.294169836000037],[19.61777347600008,30.417224957000087],[19.746108022000044,30.50388705900008],[20.060554515000035,30.85527846100007],[20.125831213000083,30.97916549200005],[20.151942886000086,31.066945951000037],[20.155551310000078,31.150000297000076],[20.105550909000044,31.297497845000066],[20.075274793000062,31.338889707000078],[20.03055224800005,31.37778056500008],[19.982776693000062,31.48249146900008],[19.92083148000006,31.727213788000086],[20.022323334000077,31.816840063000086],[20.100051871000062,31.848654149000083],[20.378782113000057,31.87516606300005],[20.885223013000086,32.00242346300007],[21.286716737000063,32.15089007700004],[21.977351227000042,32.283449648000044],[22.516275031000077,32.47963791900008],[22.699554926000076,32.516822227000034],[22.989440975000036,32.67443932100008],[23.12222028900004,32.62666227400007],[23.096666078000055,32.57555231300006],[23.081386241000075,32.332776041000045],[23.204440975000068,32.27888917900009],[23.247196177000035,32.21622849100004],[23.490554454000062,32.18222147600005],[23.73333146100009,32.173055170000055],[23.986383292000085,32.09833047200004],[23.998603931000048,32.08749770900005],[23.96777621800004,32.067501278000066],[24.09471909800004,32.00111150300006],[24.543050876000052,31.98527620400006],[24.663054254000087,32.02693816000004],[24.727497380000045,32.02693816000004],[24.991388016000087,31.963055720000057],[25.03611058300004,31.924442869000075],[25.02555446000008,31.841391160000057],[25.14666132600007,31.68221997200004],[25.169165155000087,31.54611225600007],[25.190830326000082,31.52944399200004],[25.30860851300008,31.50194296500007],[25.40360987200006,31.50194296500007],[25.811105995000048,31.610835574000077],[25.94721754400007,31.617776244000083],[26.37305327900009,31.513612385000044],[26.64472403600007,31.484169532000067],[27.15749653800009,31.37999828800008],[27.33110989900007,31.374999444000082],[27.34749918500006,31.36722369900008],[27.38110640600007,31.264720495000063],[27.43888801500009,31.222778949000087],[27.65721990600008,31.172498260000054],[27.803888604000065,31.21360842300004],[27.847773677000077,31.24361309200009],[27.867774860000054,31.226111336000088],[27.914718835000087,31.09944371100005],[28.273052127000085,31.06888830400004],[28.40972115200009,31.084721494000064],[28.812221252000086,30.951941944000055],[28.836665190000076,30.90721927700008],[28.88721975900006,30.87749894500007],[29.03500043100007,30.824167568000064],[29.179995165000037,30.830277384000055],[29.48332789400007,30.937778904000083],[29.803888319000066,31.135559251000075],[30.064441316000057,31.32027750700007],[30.14444190100005,31.220832903000087],[30.214996107000047,31.21277967900005],[30.289997775000074,31.23694198800007],[30.301942429000064,31.335281424000073],[30.354441268000073,31.448329889000036],[30.389430202000085,31.441890369000077],[30.34860938500009,31.497222127000043],[30.357496154000046,31.507776884000066],[30.418888714000047,31.470833654000046],[30.49443977800007,31.45138637900004],[30.96333633800009,31.57722103900005],[30.703610152000067,31.465833228000065],[30.560275439000065,31.42277701800009],[30.54416610000004,31.39111064000008],[30.591663357000073,31.37999828800008],[30.90249831600005,31.420277596000062],[31.007221298000047,31.480277967000063],[31.106940084000087,31.486942740000075],[31.132220275000066,31.50222255400007],[31.108887303000074,31.545830557000045],[30.976665841000056,31.583887922000088],[31.027774064000084,31.600560407000046],[31.107496474000072,31.60139126100006],[31.22583168600005,31.574446248000072],[31.55693927100009,31.442220073000044],[31.75555375600004,31.479162775000077],[31.90735145600007,31.538891997000064],[31.944971227000053,31.512946646000046],[32.04138199400006,31.38222603300005],[32.204994301000056,31.28999746900007],[31.996107943000084,31.390834743000084],[31.968887299000073,31.43610867600006],[31.98805154300004,31.431665317000068],[31.93527369700007,31.51166844900007],[31.899998302000085,31.531114141000046],[31.856109796000055,31.51333490600007],[31.770553797000048,31.279998198000044],[31.79194208000007,31.271387378000043],[31.79822588600007,31.28469687900008],[31.927495564000083,31.18166456600005],[31.961666326000056,31.210556153000084],[32.03472065500006,31.213890122000066],[32.051942100000076,31.128880234000064],[32.078047293000054,31.082497441000044],[32.14443707300006,31.07416673700004],[32.137495813000044,31.09333442400009],[32.18777607100009,31.12639136300004],[32.23004096300008,31.10326722600007],[32.28027337900005,31.12249927000005],[32.29888026900005,31.20611279500008],[32.27999449200007,31.263613743000064],[32.20999913900005,31.286943088000044],[32.33110850500009,31.268332470000075],[32.44621560200005,31.175185481000085],[32.39958771900007,31.105360980000057],[32.35748134000005,30.995484006000083],[32.33711706200006,30.805783259000066],[32.34777894300004,30.50937544800007],[32.451681293000036,30.32049869800005],[32.508074881000084,30.13257360700004],[32.45098445700006,30.031192453000074],[32.421533228000044,29.91250261600004],[32.45108444600004,29.85810299800005],[32.31956831100007,29.70726778800008],[32.31642351000005,29.556433106000043],[32.44156881100008,29.35931375100006],[32.508092616000056,29.181469697000068],[32.438855670000066,28.44637851400006],[32.67488932800006,27.829850561000057],[32.71906117900005,27.545299442000044],[32.68753729000008,27.343742003000045],[32.95484115600004,26.905058632000078],[33.12085701800004,26.73907074300007],[33.31745169000004,26.27667451500008],[33.391854865000084,26.00397956000006],[33.66931852000005,25.328170256000078],[33.71706719900004,25.055475302000048],[34.00198331800004,24.593079601000056],[34.11789380200008,24.47451637100005],[34.12355370800009,24.355953141000043],[33.95499493500006,24.308527954000056],[33.80443597800007,24.118827208000084],[33.79489436800009,23.976551648000054],[33.65524265800008,23.73942518800004],[33.57084995200006,23.502299255000082],[33.21933567100007,23.17032294900008],[33.19517110600009,22.790920929000038],[33.304541362000066,22.565651161000062],[33.44434614700009,22.387806580000074],[33.51402866800004,22.186249669000063],[33.50144797200005,21.984692230000064],[33.34967069000004,21.747566298000038],[33.14914055100007,21.380020442000045],[32.88671765700008,21.344451948000085],[32.174374958000044,21.344451948000085],[31.775084201000084,21.54600885900004],[31.56543302600005,21.71199727600009],[31.43178313700008,21.771278627000072],[31.315274719000058,21.652715924000063],[31.016664684000034,21.463014651000037],[30.778889992000074,21.131038345000036],[30.52134242900007,20.929480906000038],[30.339764957000057,20.609360765000076],[30.296565051000073,20.31295348100008],[30.284641737000072,20.087683713000047],[30.45878792500008,19.269598322000036],[30.460457146000067,19.04432855400006],[30.927839,18.85462780800009],[31.182540457000073,18.77163359900004],[31.426092003000065,18.736064578000082],[31.59953310700007,18.66492706200006],[31.70034856400008,18.51079481000005],[31.64572426600006,17.98911723000009],[31.476231305000056,17.87055452700008],[30.970651742000086,17.834985506000066],[29.62329803600005,17.84684167000006],[29.191526638000084,17.929835879000052],[28.829990816000077,18.060255274000042],[28.400230110000052,18.190674668000042],[28.11966409100006,18.30923789900004],[27.81342576700007,18.463369623000062],[27.650422464000087,18.475225788000046],[27.46887401400005,18.38037541500006],[27.289557483000067,18.332950228000072],[27.271636201000035,18.238099855000087],[27.06981586200004,17.98911723000009],[26.835706206000054,17.929835879000052],[26.64847758600007,17.692709946000036],[26.597106392000057,17.44372732100004],[26.589644613000075,16.93390643400005],[26.594620271000053,16.72049283000007],[26.672357178000084,16.281809459000044],[25.625416750000056,15.511149782000075],[25.50893876300006,15.285880014000043],[25.41070231300006,15.191029641000057],[25.204840114000035,15.119891597000048],[24.960749450000037,15.119891597000048],[24.71944437700006,15.20288580600004],[24.467726767000045,15.380730387000085],[24.457676665000065,15.87869511000008],[24.548341334000042,16.13953389900007],[24.398128633000056,16.495223062000036],[24.30023934700006,16.791630874000077],[24.18138669800004,16.886481247000063],[24.034888987000045,16.969475455000065],[23.946712869000066,17.159176202000083],[24.05862344400009,17.242170410000085],[24.09751580200009,17.550434386000063],[23.965954829000054,17.668997089000072],[23.814420965000068,17.621571902000085],[23.53732798100009,17.491152507000038],[23.422340706000057,17.325164618000088],[23.101342913000053,17.099894323000058],[22.883750192000036,17.099894323000058],[22.560261248000074,17.18288853100006],[22.01661445900004,17.19474522300004],[21.271279436000043,17.277738904000046],[20.760930709000036,17.479296343000044],[20.27910281800007,17.72827896800004],[19.940297848000057,17.77570415400004],[19.699398384000062,17.906123549000085],[19.460319806000086,18.095824295000057],[19.258632919000036,18.17881850400005],[19.240138436000052,18.024686252000038],[18.978797843000052,17.941692043000046],[18.587842315000046,18.072111438000036],[18.234771117000037,18.10768046000004],[17.926742740000066,18.285525042000074],[17.411362653000083,18.830914951000068],[17.350983976000066,19.09175374000006],[17.451190023000038,19.24588599200007],[17.69980191800005,19.340736366000044],[17.935614936000036,19.459299068000064],[18.009974485000043,19.64900034200008],[18.23316602500006,19.791275902000052],[18.430372697000053,19.96912048300004],[18.561074028000064,20.206246416000056],[18.566862067000045,20.384090997000044],[18.546106531000078,20.585648436000042],[18.59380600600008,20.787205347000054],[18.77928397900007,21.012475115000086],[18.80020967200005,21.22588871800008],[18.79379777300005,21.43930232100007],[19.126770475000058,21.55786502400008],[19.284654309000075,21.75942246200009],[19.522413559000086,21.88984185700008],[19.790796039000043,22.10325546000007],[19.92132332700004,22.29295620700009],[20.025425174000077,22.50636981000008],[20.075181495000038,22.731639578000056],[19.987183498000036,22.94505318100005],[19.85656872600009,23.122897763000083],[19.86385001900004,23.312598509000054],[19.91244247700007,23.502299255000082],[20.004720426000063,23.75128188000008],[20.146567192000077,23.857988418000048],[20.08906753000008,24.14253953700006],[19.97078561400008,24.28481562400009],[19.763677877000077,24.27295893200005],[19.727032514000086,24.391522162000058],[19.54930235100005,24.427091184000062],[19.27232917500004,24.391522162000058],[19.032667872000047,24.249246603000074],[18.860688076000088,24.07140202100004],[18.822556896000037,23.78685037400004],[18.98240137600004,23.644574815000055],[19.161262418000092,23.644574815000055],[19.29660866800009,23.585293463000085],[19.288584772000036,23.371879860000035],[19.25621398900006,23.241460465000046],[19.111744342000065,23.051759719000074],[19.064880971000036,22.89762799500005],[18.92406585300006,22.802777094000078],[18.676815092000083,22.802777094000078],[18.485763447000068,22.838346116000082],[18.290963288000057,22.76720860000006],[18.23232267900005,22.660501534000048],[18.03966259500004,22.648645370000054],[17.975053414000058,22.76720860000006],[17.848618041000066,22.68421439100007],[17.72103676200004,22.565651161000062],[17.583736954000074,22.565651161000062],[17.437805532000084,22.719783413000073],[17.017052556000067,22.873915138000086],[16.994981839000047,23.03990355400009],[16.746856582000078,23.01619069700007],[16.596831371000064,23.051759719000074],[16.53378536300005,23.229604300000062],[16.262197755000045,23.336310838000088],[16.18454665300004,23.490443090000042],[15.85480848700007,23.502299255000082],[15.816474261000053,23.597149628000068]],[[24.81373950200009,24.692954667000038],[24.532335430000046,24.38183571500008],[24.49496625100005,24.052414749000036],[24.34618542700008,24.052414749000036],[24.19751945900009,23.83280112400007],[24.053796428000055,23.713843831000077],[24.045179750000045,23.530832124000085],[23.91225335900009,23.183110726000052],[23.892960964000054,22.76218443500005],[24.06933279900005,21.975235257000065],[24.23659027900004,21.453652633000047],[24.472476973000084,21.288942413000086],[24.77248991400006,21.14253315400009],[25.02614096700006,21.14253315400009],[25.267971894000084,21.115081187000044],[25.49334079500005,20.959521447000043],[25.64041355100005,20.941220488000056],[25.81542029700006,20.611800049000067],[25.877514316000088,20.584348082000076],[26.047290314000065,20.602649042000053],[26.10602175300005,20.73075734200006],[26.204061366000076,20.79481122800007],[26.469412953000074,20.822263195000062],[26.670105129000035,20.822263195000062],[26.705287327000065,20.89546756100009],[26.701736895000067,21.041876821000074],[26.635240412000087,21.197436560000085],[26.63884136100006,21.490254552000067],[26.496552057000088,21.60921237200006],[26.41247039600006,21.837976478000087],[26.44125318600004,21.99353621700004],[26.540584799000044,22.075891590000083],[26.680945161000068,22.130794997000066],[26.580975,22.24975229000006],[26.467205108000087,22.304655696000054],[26.414577802000053,22.524269322000066],[26.34725597100004,22.661528101000044],[26.18600456000007,22.615775175000067],[26.15801834100006,22.478516395000042],[25.954475726000055,22.432763468000076],[25.706437510000058,22.560871768000084],[25.588989650000087,22.542570281000053],[25.458755016000055,22.478516395000042],[25.30955298100008,22.460215435000066],[25.309036364000065,22.67067858100006],[25.423438863000058,22.84453928000005],[25.609505218000038,22.963496573000043],[25.687347068000065,23.036701467000057],[25.69549954200005,23.201411686000085],[25.551941475000035,23.302068019000046],[25.297711984000046,23.311218499000063],[25.079319015000067,23.402724352000064],[25.045352282000067,23.576585051000052],[25.08530084100005,23.74129527000008],[25.29484414700005,23.89685501000008],[25.414917382000056,24.171372569000084],[25.193081274000065,24.619750301000067],[25.03859010000008,24.720406634000085],[24.81373950200009,24.692954667000038]]]}},{"type":"Feature","properties":{"id":"2","n":"Sahara Septentrional (SASS)"},"geometry":{"type":"Polygon","coordinates":[[[10.16611048100009,33.82916541000009],[10.318146317000071,33.703789172000086],[10.34963738600004,33.60047621400008],[10.334388388000093,33.28546675200005],[10.295607878000055,33.15959358300006],[10.160404266000057,32.90594814900004],[10.097371770000052,32.68430723800009],[10.130476293000072,32.366480255000056],[10.168972672000052,32.19502191300006],[10.32427449000005,32.09465519300005],[10.543871738000064,31.99010729400004],[11.081765990000065,31.906468976000042],[11.305279174000077,31.91065068100005],[11.39591067300006,31.81864842500005],[11.537445219000062,31.760101391000035],[11.83302407800005,31.70991829400009],[11.987128121000069,31.718282232000035],[12.250046067000085,31.835376300000064],[13.308390544000076,32.077927318000036],[13.517631428000072,32.19502191300006],[14.10452726200009,32.40411771000004],[14.34167907300008,32.471028681000064],[14.441363729000045,32.53029367900007],[14.493053819000068,32.508888752000075],[14.631387929000084,32.489719483000044],[14.725033972000062,32.44930512800005],[14.934998724000081,32.437219489000086],[15.128610259000084,32.40972426500008],[15.196387506000065,32.38277872300006],[15.285275848000083,32.30583261000004],[15.366943373000083,32.16722547100005],[15.351944451000065,31.995835180000086],[15.375277488000052,31.910278247000065],[15.485277343000064,31.664168533000066],[15.614442695000037,31.49555778000007],[15.74694396600006,31.39389123300009],[15.967777278000085,31.294167568000034],[16.28132099700008,31.229368286000067],[16.33215681900009,30.944853566000063],[16.35559084500005,30.63081739200004],[16.420810214000085,30.187070818000052],[16.483753962000037,29.845727219000082],[16.57714453600005,29.46342221900005],[16.58306090600007,29.25861627100005],[16.150450452000086,29.115251896000075],[15.736363149000056,29.36101924500008],[15.514542298000038,29.42928807000004],[15.248067921000086,29.40198117300008],[14.834487823000075,29.135732596000082],[14.76251417800006,29.14255932000009],[14.590941213000065,29.07429049500007],[14.49942701000009,28.999194945000056],[14.327144348000047,28.910445947000085],[14.194520283000088,28.80804244500007],[13.935599339000078,28.75342759600005],[13.77831989200007,28.630543921000083],[13.475071903000071,28.459872122000036],[13.224831190000089,28.41208399700008],[12.823173532000055,28.384776572000078],[12.664879820000067,28.439391422000085],[12.529128593000053,28.453045398000086],[12.29973973500006,28.309681023000053],[12.147997893000081,28.323334471000067],[11.630406085000061,28.41891072100009],[11.600602829000081,28.48717954700004],[11.371996988000092,28.357469148000064],[11.207447584000079,28.220931497000038],[11.021976064000057,28.17997009600009],[10.861400242000059,28.166316648000077],[10.71522007200008,28.09804782200007],[10.522870585000078,28.091221098000062],[10.33794516200004,28.06391367300006],[10.160477571000058,28.016125548000048],[9.318955914000071,27.97516414800009],[8.847249313000077,27.99564484800004],[8.61627410300008,28.043433501000038],[8.593726882000055,28.104874547000065],[8.629045387000076,28.241412197000045],[8.760228663000078,28.36429587200007],[8.78681548600008,28.466698846000043],[8.756630999000038,28.541794396000057],[8.52332903000007,28.507660247000047],[8.374511367000082,28.31650774700006],[8.252442774000087,28.23458547300004],[7.761651584000049,28.132182499000066],[7.064503476000084,28.104874547000065],[6.887839396000061,28.07756712200006],[6.680069428000081,28.09804782200007],[6.481641926000066,28.193624600000078],[6.322078474000079,28.227758221000045],[6.234694843000057,28.26871962200005],[6.204805866000072,28.842177122000066],[6.144049052000071,29.033329622000053],[6.147019440000065,29.19717417000004],[6.069044443000053,29.326884568000082],[5.956073824000043,29.299577144000068],[5.840169972000069,29.101597920000074],[5.837013930000069,28.917272671000035],[5.802037729000062,28.746600872000045],[5.719021647000091,28.575929072000065],[5.566883288000042,28.07756712200006],[5.434189334000052,27.770358199000043],[5.495734810000044,27.60651312400006],[5.221111129000064,27.40853337200008],[4.973837305000075,27.442668049000076],[4.727908647000049,27.586032424000052],[4.249543818000063,27.70208937400008],[3.777408720000039,27.674781949000078],[3.520920405000084,27.613339848000066],[3.367888159000074,27.490456174000087],[3.302618926000093,27.340265074000058],[3.060502622000058,27.039882876000036],[2.827679431000092,26.86238435200005],[2.507564939000076,26.719019449000086],[2.18051519800008,26.719019449000086],[1.901226953000048,26.69853874900008],[1.605820852000079,26.630270451000058],[1.111177885000075,26.56200162600004],[0.887931618000039,26.568828350000047],[0.704607957000064,26.60978975100005],[0.577134615000091,26.691712025000072],[0.361775990000069,26.691712025000072],[0.297914219000063,26.62344372700005],[0.162332828000046,26.602962499000057],[0.042717611000057,26.616616475000058],[-0.09289349699992,26.787288275000037],[-0.132833469999923,26.93065265000007],[-0.30071238499994,27.278822973000047],[-0.372805483999912,27.47680219700004],[-0.381029711999929,27.70208937400008],[-0.501273359999914,27.906895322000082],[-0.541488067999921,28.043433501000038],[-0.637815161999924,28.193624600000078],[-0.73432472099995,28.391603297000074],[-0.766823814999952,28.596409245000075],[-0.767535480999925,28.917272671000035],[-0.71164456899993,29.053809795000063],[-0.75213447099992,29.21082814600004],[-0.864844486999914,29.31323112000007],[-1.098019595999915,29.367846497000073],[-1.411844598999949,29.47024894300006],[-1.637518955999951,29.593132618000084],[-1.944946290999951,29.907169320000037],[-2.034433909999962,30.057360419000076],[-2.164024912999935,30.166590118000045],[-2.221916946999954,30.37822331800004],[-2.29557961699993,30.52841441700008],[-2.330974900999934,30.938026842000056],[-2.284190231999958,31.156486767000047],[-2.188221766999959,31.293023890000086],[-2.07735770499994,31.620714040000053],[-1.989403786999958,31.77773186400009],[-1.723796747999927,32.05080716500004],[-1.594401257999948,32.105422015000045],[-1.051134042999934,32.09859476300005],[-0.484090016999914,32.39215023700007],[-0.191989054999908,32.52186116300004],[-0.021473261999915,32.62426413800006],[0.22237425600008,32.80858991300005],[0.352701491000062,33.01339586200004],[0.71085357700008,33.09531813600006],[0.938748100000055,33.10897211200006],[1.166904825000074,33.17724093700008],[1.346639690000075,33.306951336000054],[1.591449253000064,33.388873610000076],[1.755060151000066,33.491277112000034],[2.164179967000052,33.689256336000085],[2.433255265000071,33.68242961200008],[2.637629516000061,33.730217209000045],[2.943350466000084,34.07156133600006],[3.19810242300008,34.19444501000004],[3.322028080000052,34.296847985000056],[3.92019875200009,34.385596983000084],[4.385280413000089,34.788382683000066],[4.557424923000042,34.79520940700007],[4.828954646000057,34.856651508000084],[5.093998549000048,34.993188632000056],[5.275534704000052,35.04788197700009],[5.55418075700004,35.041044028000044],[5.797256646000051,34.918093610000085],[6.237039656000093,34.80886338400006],[6.500269351000043,34.84982425700008],[6.79315245500004,34.774728707000065],[7.269987576000062,34.55626931000006],[7.624021785000082,34.35828955800008],[7.827174379000041,34.317328685000064],[8.081063808000067,34.33098213400007],[8.469852136000043,34.22175243500004],[8.795336358000043,34.18079103400004],[9.474841027000082,34.21492518300005],[9.818091654000057,34.20101588400007],[9.948007609000058,34.124587802000065],[9.995078386000046,34.00489883000006],[10.16611048100009,33.82916541000009]]]}},{"type":"Feature","properties":{"id":"3","n":"Murzuk-Djado Basin"},"geometry":{"type":"Polygon","coordinates":[[[11.76098756500005,27.771833164000043],[11.83404672100005,27.61163329900006],[12.162390127000037,27.61163329900006],[12.517502824000076,27.478133675000038],[12.812178870000082,27.411383072000035],[12.997390133000067,27.34463405100007],[13.249262598000087,27.39803295100006],[13.670202376000077,27.371333237000044],[14.05022781000008,27.504832861000068],[14.394107143000042,27.504832861000068],[14.598356908000085,27.53153363000007],[15.07713392700009,27.771833164000043],[15.471580031000087,27.85193336000009],[15.54526737000009,27.745133450000083],[15.664690246000077,27.237834141000064],[15.617112150000082,26.83733368700007],[15.670418702000063,26.61038427400007],[15.888740442000085,26.61038427400007],[16.389431280000053,26.65043410800007],[16.62224076600006,26.623733867000055],[16.75805701300004,26.51693395700005],[16.88763384300006,26.263284302000045],[16.881499593000058,26.116434558000037],[16.750324806000037,25.956234692000066],[16.60858551800004,25.916184858000065],[16.476079198000036,25.715935158000036],[16.334588757000063,25.275385397000036],[16.329035126000065,25.128535653000085],[16.116853570000046,24.834835636000037],[15.943876256000067,24.768086088000075],[15.73396204900007,24.514435906000074],[15.650077672000066,24.314186206000045],[15.425514072000055,24.07388667200007],[15.310505596000041,23.86028685200006],[15.256007426000053,23.59328707700007],[15.155967392000036,23.35298754300004],[15.32133371000009,22.658788127000037],[15.453084586000045,22.40513847300008],[15.494788244000063,22.24493860800004],[15.483630410000046,21.857788802000073],[15.630339288000073,21.59078902600004],[15.931210948000057,21.323789779000037],[16.06536645500006,21.163589913000067],[16.153222132000053,21.003389521000088],[16.134331744000065,20.88323949000005],[16.251823433000084,20.68298979000008],[16.385442064000074,20.509439805000056],[16.37928438000006,20.295839984000054],[16.32890314800005,20.148990240000046],[16.121160814000064,19.881990465000058],[15.905776514000081,19.881990465000058],[15.586831302000064,20.028840209000066],[15.299071423000044,20.202390195000078],[15.068171361000054,20.202390195000078],[14.882063677000076,20.148990240000046],[14.481874257000072,20.148990240000046],[14.10334225300005,20.40263989400006],[13.616362656000092,20.642939956000077],[13.463267387000087,20.68298979000008],[12.646429283000089,20.669639670000038],[12.52466687000009,20.736389745000054],[12.40465441300006,20.88323949000005],[12.289925011000037,21.270389823000073],[12.185218004000092,21.41723956800007],[12.03447125300005,21.577439433000052],[11.960833755000067,21.73763929800009],[11.749078091000058,21.937888998000062],[11.47913154400004,22.311688683000057],[11.221238496000069,22.538638097000046],[10.976116079000064,22.645438007000052],[10.71761906900008,22.859037827000066],[10.582465557000091,23.05928752600005],[10.307909743000039,23.259537226000077],[10.064923499000088,23.499837287000048],[9.165162623000072,24.274136372000044],[8.596780117000037,24.594536102000063],[8.32122327500008,24.82148604300005],[8.27643786200008,24.928285953000056],[8.281622706000064,25.208635322000077],[8.088476490000062,25.675884796000048],[8.03063307900004,25.902834737000035],[8.063339476000067,25.98293493400007],[8.391679718000091,26.04968448200009],[8.534637926000073,26.183184633000053],[8.396105799000054,26.263284302000045],[7.914417495000066,26.33003437800005],[7.743775721000077,26.37008421200005],[7.450161799000057,26.503584364000062],[7.45167232700004,26.583684032000065],[7.408172125000078,26.757234018000077],[7.707759579000083,26.917433883000058],[7.942409617000067,26.944133597000075],[8.711134671000082,27.117683583000087],[9.212101459000053,27.17108353800006],[9.604218168000045,27.237834141000064],[9.92048099300007,27.38468388600006],[10.678185638000059,27.651682606000065],[11.076376989000039,27.89198319500008],[11.441328419000058,28.05218306000006],[11.785722194000073,28.05218306000006],[11.797021485000073,27.91868290900004],[11.76098756500005,27.771833164000043]]]}},{"type":"Feature","properties":{"id":"4","n":"Taoudeni-Tanezrouft Basin"},"geometry":{"type":"Polygon","coordinates":[[[0.814051548000066,17.11887737400008],[0.34283143600004,17.353685882000036],[0.073411522000072,17.51511646700004],[0.073451221000084,17.85265290500007],[-0.09509524099991,17.940705568000055],[-0.415524158999915,18.19018934400009],[-0.651443468999958,18.043434027000046],[-1.089765986999907,18.043434027000046],[-1.325945100999945,18.116811949000066],[-1.561992440999916,18.116811949000066],[-1.781094218999954,18.087460886000088],[-2.13443432999992,17.88200396900004],[-2.454023142999915,17.72057338400009],[-2.84043756199992,17.471089608000057],[-3.142813894999961,17.30965955100004],[-3.629895381999916,17.089526839000087],[-4.117123558999936,16.94277204900004],[-4.469438268999909,16.78134093600005],[-4.769153882999944,16.341076040000075],[-4.935078328999907,16.03289066500008],[-5.167561315999933,15.651327895000065],[-5.266621133999934,15.416519915000038],[-5.701943803999939,15.25508933000009],[-6.019358954999916,15.06430768100006],[-6.45459160799993,14.93222815900009],[-6.656091456999945,14.946903427000052],[-6.910272833999954,15.211062998000045],[-6.794540562999941,15.401844119000089],[-6.478154469999936,15.695354226000063],[-6.412561058999927,15.871460080000077],[-6.504232088999913,16.091592792000085],[-6.818559610999955,16.150294918000043],[-6.956029506999926,16.443804498000077],[-6.980283195999959,16.619910879000088],[-6.891381226999954,16.69818002900007],[-6.961361410999928,16.952555561000054],[-7.145207667999955,17.34390237000008],[-7.327776650999908,17.598277374000077],[-7.463949506999938,17.715681628000084],[-7.962496496999961,18.048325783000053],[-8.146004894999919,18.32226886600006],[-8.19474585599994,18.596211421000078],[-8.444758307999905,18.77231780200009],[-9.04895709099992,19.965924726000083],[-9.143246111999929,20.220300257000076],[-9.058918932999916,20.59207951500008],[-8.928428983999936,20.90515664600008],[-8.752946666999947,21.237801328000046],[-8.608160722999912,21.37477260600008],[-8.338407030999917,21.47750106400008],[-8.034199016999935,21.550878986000043],[-7.79819034399992,21.65360744500009],[-7.528975007999918,21.81503803000004],[-7.258032458999935,21.859064361000037],[-6.615246950999961,22.03517021400006],[-6.276377870999909,22.093872341000065],[-5.359478035999928,22.093872341000065],[-5.139164629999925,22.137898673000052],[-4.768865508999909,22.504786702000047],[-4.600985685999945,22.739594682000074],[-4.431355238999913,22.783621013000072],[-4.227097938999918,22.754269950000037],[-4.057203986999923,22.768945218000056],[-3.939299111999958,22.915700008000044],[-3.649890074999917,22.871673676000057],[-3.461966960999916,22.739594682000074],[-3.257327907999922,22.636865696000086],[-3.188896568999951,22.563488301000064],[-2.730270420999943,22.607515160000048],[-2.49315986299996,22.783621013000072],[-2.306335218999948,22.82764734500006],[-2.275160313999947,23.473369158000082],[-2.140814016999911,23.913634055000045],[-2.04024669599994,24.324548415000038],[-1.871431939999923,24.779489107000074],[-1.718989209999961,25.102349750000087],[-1.566118992999918,25.337157730000058],[-1.293581674999928,25.630668365000076],[-0.969339517999913,25.924177944000064],[-0.695898284999942,26.144310129000075],[-0.542129762999934,26.393793904000063],[-0.25084364199995,26.364442841000084],[-0.096629825999912,26.261714382000036],[0.057472026000084,25.924177944000064],[0.211176230000092,25.29313139900006],[0.484209992000046,24.95559496000004],[1.012742510000066,24.57403219100007],[1.02898610200009,24.177793098000052],[1.182210730000065,24.089740435000067],[1.573788,23.94298511800008],[1.589361251000071,23.473369158000082],[1.622670167000081,23.238561178000054],[1.740900237000062,22.974402135000048],[1.893386783000039,22.81297207700004],[1.909909535000054,22.680892028000073],[1.994291343000043,22.519461970000066],[2.487162947000058,22.534137238000085],[2.74237269200006,22.59283936500009],[2.878336757000056,22.59283936500009],[2.877937233000068,22.519461970000066],[2.741006850000076,22.328680321000036],[2.467053844000077,21.859064361000037],[2.296337999000059,21.624256381000066],[2.092085541000074,21.448150528000042],[1.904668656000069,21.198666753000055],[1.650086250000072,21.095938294000064],[1.395379373000083,20.90515664600008],[1.17460036600005,20.65567339800009],[0.784763049000048,20.420865418000062],[0.598368031000064,20.24475903700005],[0.479634114000078,19.92189839400004],[0.496401950000063,19.760468337000077],[0.648321717000044,19.54033509700008],[0.715300939000088,19.041368601000045],[0.765270543000042,18.513049987000045],[0.764582736000079,17.97005663200008],[0.899199800000076,17.808626047000075],[1.06774598800007,17.82330184200009],[1.219073644000048,17.647195989000068],[0.814051548000066,17.11887737400008]]]}},{"type":"Feature","properties":{"id":"5","n":"Bassin Sngalo-Mauritanien"},"geometry":{"type":"Polygon","coordinates":[[[-15.20397818999993,11.228350684000077],[-15.235835122999958,11.219722456000056],[-15.219444584999906,11.148056358000076],[-15.236668435999945,11.123890883000058],[-15.349165757999913,11.139168059000042],[-15.400556459999905,11.177778800000056],[-15.427223424999909,11.288889132000065],[-15.415280197999948,11.324723499000072],[-15.386389760999919,11.37333456600004],[-15.337502011999959,11.360834819000047],[-15.265279764999946,11.425913162000086],[-15.325555917999907,11.380001450000066],[-15.392377899999929,11.379110985000068],[-15.414000613999917,11.354892229000086],[-15.49833424499991,11.328056941000057],[-15.508610476999934,11.350277952000056],[-15.475278623999941,11.45778000100006],[-15.279724478999924,11.620555252000088],[-15.187779177999914,11.640834964000078],[-15.110001154999907,11.615556935000086],[-15.096111432999919,11.571390809000093],[-15.03722446799992,11.576389126000038],[-15.027223009999943,11.594167306000088],[-15.087224144999936,11.628335217000085],[-15.24083404199996,11.668890950000048],[-15.322500108999918,11.63166865900007],[-15.341667248999954,11.681945128000052],[-15.384166533999917,11.624999665000075],[-15.371945400999948,11.590557440000055],[-15.444170123999925,11.550835728000038],[-15.46750113999991,11.602221585000052],[-15.42352905499996,11.683669085000076],[-15.53388919899993,11.675279299000067],[-15.555556602999957,11.72750181400005],[-15.458611652999934,11.865279153000074],[-15.384723727999926,11.885000215000048],[-15.215557887999921,11.865002201000038],[-15.130835520999938,11.893333028000086],[-15.08889099399994,11.85416785600006],[-15.058888920999948,11.79277798000004],[-14.968334278999919,11.748057423000091],[-14.931945414999916,11.750835380000069],[-14.923054778999926,11.76305553800006],[-14.957501177999916,11.75805669400006],[-15.052223136999942,11.818611495000084],[-15.06444498199994,11.841390102000048],[-15.027223196999955,11.948334027000044],[-14.99089078299994,11.956792919000065],[-15.00388909499992,11.974167542000089],[-15.085836478999909,11.983332792000056],[-15.208056256999953,11.902500389000068],[-15.310278105999942,11.923055470000065],[-15.360554664999938,11.963056245000075],[-15.430833785999937,11.958889838000061],[-15.496945671999924,11.936111759000084],[-15.652224363999949,11.80472435200005],[-15.848889716999906,11.771388351000041],[-15.963335314999938,11.734167115000048],[-15.965002177999907,11.776668894000068],[-15.929724639999904,11.876944353000056],[-15.868058250999923,11.96166779400005],[-15.794446294999943,12.001944993000052],[-15.726667548999956,11.96500018100005],[-15.705810018999955,12.009906955000076],[-15.758057422999912,11.991111702000069],[-15.779446152999924,12.015835301000038],[-15.852779634999933,12.016668266000067],[-15.919169777999912,11.988889759000074],[-15.975001120999934,11.915555622000056],[-16.115281224999933,11.88250184800006],[-16.202776852999932,11.905556351000087],[-16.333892473999924,11.996666560000051],[-16.349723498999936,12.105835065000065],[-16.33166932699993,12.15555604800005],[-16.260001125999906,12.222222247000047],[-16.144168547999925,12.281667132000052],[-16.089169066999943,12.338056581000046],[-16.217224621999947,12.289444987000081],[-16.35472221899994,12.191666840000039],[-16.45805645899992,12.171667244000048],[-16.497502590999943,12.185835031000067],[-16.507504575999917,12.217223931000092],[-16.563611632999937,12.272501354000042],[-16.676391332999913,12.33555610400009],[-16.717769347999933,12.32242754500004],[-16.802779673999908,12.452222348000078],[-16.79944665599993,12.489168215000063],[-16.766390489999935,12.53277727200009],[-16.58694531699996,12.632777890000057],[-16.38055858799993,12.545000068000093],[-16.292224802999954,12.588890825000078],[-16.196392276999916,12.580276840000067],[-16.028614546999904,12.631111960000055],[-15.936390554999946,12.57777741800004],[-15.831667606999929,12.550555453000072],[-15.773335083999939,12.588335339000082],[-15.732500092999942,12.587224896000066],[-15.691668835999906,12.575834537000048],[-15.677502701999913,12.540834717000052],[-15.626943142999949,12.531112925000059],[-15.573334728999953,12.562499715000058],[-15.507779891999917,12.634723936000057],[-15.542777942999919,12.718888199000048],[-15.531945867999923,12.780555554000046],[-15.392225195999913,12.800833684000054],[-15.393610534999937,12.83388851300009],[-15.52611152299994,12.80833406000005],[-15.564723428999912,12.737223975000063],[-15.54083550599995,12.64722368300005],[-15.650003702999925,12.555556934000037],[-15.668055108999908,12.565280836000056],[-15.669168718999913,12.60722396400007],[-15.69555708899992,12.613890320000053],[-15.764446923999913,12.619722656000079],[-15.914445160999946,12.595277592000059],[-15.982431808999934,12.65343161900006],[-16.021375778999925,12.724941569000066],[-16.04472456399992,12.660000910000065],[-16.073611917999926,12.633056951000071],[-16.162225383999953,12.606390999000041],[-16.294170958999928,12.601389518000076],[-16.37611381699992,12.564444706000074],[-16.513057433999904,12.62444613100007],[-16.571113682999908,12.671390213000052],[-16.59944595399992,12.730835098000057],[-16.598058428999934,12.791667378000056],[-16.650003332999916,12.718888199000048],[-16.645001995999905,12.634166340000093],[-16.718055596999932,12.58111297000005],[-16.766943358999924,12.56777973000004],[-16.800004101999946,12.81388944400004],[-16.759166354999934,12.889722476000088],[-16.749168010999938,13.046666974000061],[-16.821393137999905,13.284168506000071],[-16.819168945999934,13.368888782000056],[-16.746392733999926,13.416667939000092],[-16.686667706999913,13.488888995000082],[-16.58750228799994,13.460556586000052],[-16.584168406999936,13.435001077000038],[-16.611388853999927,13.44083394100005],[-16.62250195599995,13.425834244000043],[-16.61055565299995,13.426944688000049],[-16.576669790999915,13.324446759000068],[-16.546670228999915,13.288612391000072],[-16.41472353499995,13.263611841000056],[-16.247501522999926,13.319443695000075],[-16.22166858099996,13.296390246000044],[-16.22166834999996,13.251391156000068],[-16.15472316799992,13.276668657000073],[-16.20361459499992,13.261946967000085],[-16.22472545599993,13.329168651000089],[-16.214726081999913,13.372501813000042],[-16.162225037999917,13.425278759000037],[-16.052224053999907,13.405279690000043],[-15.773334610999939,13.433056614000066],[-15.636667885999941,13.45277767500005],[-15.54416757499996,13.507779202000052],[-15.39666692599991,13.445557416000042],[-15.32833433199994,13.438612526000043],[-15.301388811999914,13.454169291000085],[-15.295833691999917,13.491667478000068],[-15.320836136999958,13.456946192000089],[-15.362223214999915,13.450556260000042],[-15.556667640999933,13.530001796000079],[-15.811945002999948,13.456389651000052],[-16.091113652999923,13.43111162200006],[-16.143890084999953,13.454169291000085],[-16.22694785799996,13.40916861800008],[-16.272782435999943,13.357500533000064],[-16.33194793599995,13.338334957000086],[-16.40694794299992,13.332223559000056],[-16.51333528999993,13.368612358000064],[-16.501667142999906,13.416111398000055],[-16.555834662999928,13.570834480000087],[-16.64528037599996,13.701946517000067],[-16.638614486999927,13.752779527000087],[-16.601669478999952,13.805557528000065],[-16.573059885999953,13.833057500000052],[-16.540837366999938,13.842779819000043],[-16.52111502899993,13.83194652900005],[-16.497221361999948,13.867501835000041],[-16.49083687299992,13.958057612000061],[-16.56027925399991,13.862500881000074],[-16.702502693999918,13.768333127000062],[-16.735555907999924,13.816389236000077],[-16.747222484999952,13.951946214000088],[-16.69027928099996,13.993889870000089],[-16.638888705999932,13.961669061000066],[-16.578335934999927,14.001668252000059],[-16.559448368999938,14.05361117800004],[-16.50583710299992,14.104999674000055],[-16.363056366999956,14.166112071000043],[-16.453057217999913,14.174445411000079],[-16.513335295999923,14.143333991000077],[-16.561391200999935,14.067222952000066],[-16.63111140199993,14.004723160000083],[-16.70813333299992,13.99619305200008],[-16.769726891999937,13.963058566000086],[-16.79805726299992,14.090278511000065],[-16.81333459399991,14.12277890900009],[-16.878055918999905,14.178890352000053],[-16.947781394999936,14.375557090000086],[-16.992225878999932,14.423889622000047],[-17.06500324299992,14.455000515000052],[-17.17555556499991,14.654446264000057],[-17.225832442999945,14.688612065000086],[-17.384165352999958,14.742221975000064],[-17.43694578399993,14.716113091000068],[-17.422500043999946,14.703889768000067],[-17.442779712999936,14.653889723000077],[-17.514447884999925,14.737223659000051],[-17.12916860799993,14.931112968000036],[-16.878334631999905,15.225001311000085],[-16.776948314999913,15.410557280000091],[-16.546391323999956,15.756667611000069],[-16.52767995499994,16.06025137000006],[-16.537224616999936,16.301668733000042],[-16.472778449999907,16.482222164000063],[-16.465835284999912,16.619722551000052],[-16.34027965799993,16.937223522000068],[-16.259166241999935,17.06389114600006],[-16.133056522999937,17.361943259000043],[-16.039447414999927,17.72805898900009],[-16.028614457999936,18.08055714200009],[-16.06305661999994,18.36305354500007],[-16.055556924999905,18.422498429000086],[-16.14444775599992,18.690000938000082],[-16.179169035999905,18.913056148000067],[-16.28139114399994,19.12777854500007],[-16.35111342999994,19.20555604100008],[-16.46306371599991,19.255404686000077],[-16.499169465999955,19.336389545000088],[-16.37861296199992,19.39527683400007],[-16.309450030999926,19.467502637000052],[-16.28416810799996,19.529722313000036],[-16.29000143199994,19.545278023000037],[-16.360723063999956,19.52805638300009],[-16.430554954999934,19.475278382000056],[-16.440556215999948,19.408886497000083],[-16.46833492099995,19.410554537000053],[-16.46889195199992,19.454444239000054],[-16.427222764999954,19.536390779000044],[-16.337223518999906,19.62944650600008],[-16.23361187499995,19.791111313000044],[-16.243333669999913,19.88722142000006],[-16.216667396999924,20.00083275600008],[-16.19722497899994,20.22916692800004],[-16.236115869999935,20.28972067300009],[-16.266114504999905,20.29333476000005],[-16.300281938999944,20.335555894000038],[-16.388057525999955,20.558613215000037],[-16.49305639399995,20.725000969000064],[-16.53139247699994,20.72805746000006],[-16.530001929999912,20.575555266000038],[-16.543335175999914,20.56055715100007],[-16.648334615999943,20.66139020600008],[-16.919724996999946,21.161666023000066],[-16.987782754999955,21.065553806000082],[-16.99555430399994,20.974722132000068],[-17.05233162199994,20.76409650800008],[-17.105278245999955,20.848054508000075],[-16.968892120999953,21.62527820100007],[-16.956948729999908,21.833333714000048],[-16.853336873999922,22.071391259000052],[-16.719449786999917,22.260830352000085],[-16.668890167999905,22.296388824000076],[-16.628054946999953,22.273610744000052],[-16.522860203999926,22.311059871000054],[-16.433538920999922,22.195293061000086],[-16.613074412999936,21.96219374000009],[-16.64903374799991,21.78288579900004],[-16.561725679999938,21.63943965800007],[-16.331028576999927,21.54978542300006],[-16.19979302699994,21.316686103000052],[-16.194536039999946,21.13737816200006],[-16.147907034999946,20.95807022100007],[-16.144279898999912,20.83255524300006],[-16.095696843999917,20.581524759000047],[-15.631160130999945,20.24084004100007],[-15.349631856999906,19.77464034400009],[-15.26109638999992,19.55947060400007],[-15.132367641999906,19.380163191000065],[-14.903387490999933,19.308440120000057],[-14.690516865999939,19.05740910800006],[-14.688236865999954,18.96775540200008],[-13.980794537999941,18.71672439000008],[-13.82974618399993,18.42983210700004],[-13.70320957499996,18.304317129000083],[-13.779928298999948,18.053286117000084],[-13.809542650999958,17.533293986000047],[-13.84678527899996,17.353986572000053],[-13.780435243999932,17.13881683200009],[-13.611755080999956,16.94157825600007],[-13.362090351999939,16.798132114000055],[-13.194417868999949,16.636755337000068],[-13.273078984999927,16.457447396000077],[-13.05972575699991,16.04504013400009],[-12.993123011999955,15.77607901400006],[-12.907755442999928,15.59677107400006],[-12.760919998999952,15.41746313300007],[-12.877713283999924,15.058847779000075],[-12.688597560999938,14.789886659000047],[-12.664522622999925,14.574716919000082],[-12.433650064999938,14.234032201000048],[-12.430561841999918,14.036794152000084],[-12.67489867699993,13.94714044500006],[-12.793532507999942,13.67817879800009],[-12.810954272999936,13.480940221000083],[-13.052931502999911,13.247840373000088],[-13.276317776999917,13.140255503000049],[-13.799748760999933,12.602332735000061],[-14.310865303999947,12.602332735000061],[-14.53402344899996,12.494747866000068],[-14.778746970999919,12.458887121000089],[-14.786269902999948,12.373308032000068],[-14.91932160999994,12.15157058300008],[-14.954645236999909,12.010737282000036],[-14.953277396999908,11.923839903000044],[-14.900854250999942,11.845932108000056],[-14.872295710999936,11.765028488000041],[-14.877335315999915,11.648166532000062],[-15.091302560999907,11.354514520000066],[-15.17206608899994,11.279603077000047],[-15.20397818999993,11.228350684000077]]]}},{"type":"Feature","properties":{"id":"6","n":"Iullemeden-Irhazer Aquifer System"},"geometry":{"type":"Polygon","coordinates":[[[1.705396815000086,17.635334021000062],[1.956650095000043,17.530524997000043],[2.098728332000064,17.501940430000047],[2.241816401000051,17.759199951000085],[2.46195860000006,18.092683928000042],[2.518404463000081,18.502393418000054],[2.629602309000063,18.873990151000044],[2.619721050000066,19.112193294000065],[2.873411182000041,19.40756504300009],[3.247967148000043,19.67435275200006],[3.69894266600005,19.817274532000056],[4.072228239000083,19.817274532000056],[4.235242478000089,19.59812776800004],[4.365974523000091,19.474261838000075],[4.607441474000041,19.483790027000055],[5.025674741000046,19.62671180700005],[5.552390363000086,19.617184146000056],[5.771694406000051,19.59812776800004],[5.947999712000069,19.66482456300008],[6.010507772000039,20.37943399100004],[6.069550615000082,20.760558913000068],[6.304476654000041,21.113099269000088],[6.306214375000081,21.265549238000062],[6.376243897000052,21.608561404000056],[6.455832619000091,21.81818050700008],[6.614185216000067,22.151664484000037],[6.72647661600007,22.313642642000048],[6.969480684000075,22.342227209000043],[7.110955148000073,22.19930542900005],[7.346650099000044,21.694314578000046],[7.475709617000064,21.46563962400006],[7.72709309600009,21.332246033000047],[7.846697008000092,21.227436482000087],[7.843596535000074,21.008289717000082],[7.60442781100005,20.40801803000005],[7.502879969000048,20.20792764400005],[7.456704914000056,20.03642129700006],[7.520799115000045,19.903027706000046],[7.747131904000071,19.59812776800004],[7.741778500000066,19.207474656000045],[7.705558857000085,18.95974332500009],[7.637161730000059,18.759652938000045],[7.351165152000078,18.673899765000044],[7.327597344000083,18.540506174000086],[7.499641876000055,18.28324665300005],[7.537561353000058,17.806840368000053],[7.526859388000048,16.901668743000073],[7.646154883000065,16.825443759000052],[7.84290887800006,16.83497194800009],[8.072910896000053,16.882612365000057],[8.292506033000052,16.968365539000047],[8.715324593000048,14.957931375000044],[8.701428203000091,13.70974758400007],[8.51453941200009,13.519184859000063],[8.042823049000049,13.09041951900008],[7.910993732000065,12.937969550000048],[7.692795956000055,12.842688187000078],[7.48632536100007,12.842688187000078],[7.433285888000057,12.995138156000053],[7.195282966000093,13.128531747000068],[7.042784873000073,13.09041951900008],[6.651171681000051,13.052306763000047],[6.520379563000063,13.00466634500009],[6.225228128000083,12.766463203000058],[6.017427121000082,12.566372816000069],[5.99444322800008,12.375810091000062],[5.841720098000053,12.271000540000045],[5.297960289000059,12.137606949000087],[5.231804881000073,11.956572940000058],[5.057648678000078,11.870819767000057],[4.786073816000055,11.832707011000082],[4.568659015000094,11.766010215000051],[4.448782884000082,11.661200664000091],[4.511791693000077,11.194323095000072],[4.370726989000048,11.184794906000093],[4.186626556000078,11.261019891000046],[3.992260368000075,11.489694844000041],[3.80790053000004,11.51827888400004],[3.38561653000005,11.785066593000067],[3.201825521000046,12.004213358000072],[3.01783959800008,12.185247894000042],[2.758312430000046,12.547316438000053],[2.530667215000051,12.718822785000043],[2.347659051000051,13.347678512000073],[2.163305982000054,13.53824123700008],[1.848422084000049,13.766916190000074],[1.565886831000057,13.928894348000085],[1.490580224000041,14.386244255000065],[1.502155975000051,14.738784611000085],[1.437386561000039,15.04368454900009],[1.460229269000081,15.567731251000055],[1.569672752000088,15.748765787000082],[1.581684779000057,16.234700261000057],[1.429358147000073,16.463375214000052],[1.211401791000071,16.692050168000037],[1.091730723000069,16.977893728000083],[1.004417604000082,17.044590523000068],[0.814051548000066,17.11887737400008],[1.219073644000048,17.647195989000068],[1.546674746000065,17.587693604000037],[1.705396815000086,17.635334021000062]]]}},{"type":"Feature","properties":{"id":"7","n":"Bassin du lac Tchad"},"geometry":{"type":"Polygon","coordinates":[[[8.292506033000052,16.968365539000047],[8.791861853000057,16.950393228000053],[8.83788456700006,17.17517081400007],[9.038615434000064,17.187658428000077],[9.341638956000054,17.337510328000064],[9.656122062000065,17.28755987100004],[9.874533842000062,17.51233745600007],[9.90273897700007,18.373984955000083],[9.876305799000079,18.511348713000075],[9.610274336000089,18.923441041000046],[9.48322892100009,19.060805326000036],[9.098614785000052,19.273095297000054],[8.827429189000043,19.39797144000005],[8.930056809000064,19.522848111000087],[8.977222281000081,19.772600925000063],[8.908512958000074,19.972403282000073],[8.694711983000047,20.109767040000065],[8.697939640000072,20.322057011000084],[9.150455348000037,20.69668649600004],[9.382500424000057,20.784099796000078],[9.50291336500004,21.083803595000063],[9.504412022000054,21.17121689600009],[9.205263559000059,21.39599448100006],[9.223269704000074,21.608284452000078],[9.556815848000042,21.695697753000047],[9.547664870000062,21.99540155200009],[9.50720122000007,22.15774053800004],[9.77004104200006,22.307592438000086],[9.944889525000065,22.382518124000057],[10.179062696000074,22.532370023000055],[10.395965180000076,22.532370023000055],[10.720500400000049,22.132765309000035],[11.094891645000075,22.07032723800006],[11.265127159000087,21.920475338000074],[11.26922380700006,21.420969710000065],[11.598488887000087,21.29609356700007],[11.843481075000057,21.283605952000073],[11.852560736000044,21.033852611000043],[11.943916546000082,20.584297440000057],[12.229660814000056,20.47190891100007],[12.64715149300008,20.459421296000073],[12.716942543000073,20.35951985400004],[13.022268139000062,20.48439652500008],[13.282750523000061,20.534346982000045],[13.639032626000073,20.37200746800005],[14.078154060000088,20.07230419700005],[14.378261270000053,19.98489089700007],[15.472523841000054,19.99737851100008],[16.05575198100007,19.760113311000055],[15.954883761000076,19.24811954100005],[15.84736484800004,18.998366727000075],[15.841581130000066,18.786076756000057],[15.95174277500007,18.61125015500005],[16.511387072000048,18.598762541000042],[16.923159042000066,18.436423027000046],[17.407225097000037,18.299058742000057],[17.55073820800004,18.299058742000057],[18.150119737000068,18.087093199000037],[18.234771117000037,18.10768046000004],[18.587842299000044,18.07211091100004],[18.97879782600006,17.94169151600005],[19.240138436000052,18.024686252000038],[19.258632919000036,18.17881850400005],[19.460319806000086,18.095824295000057],[19.699398384000062,17.906123549000085],[19.940297848000057,17.77570415400004],[20.27910281800007,17.72827896800004],[20.455150268000068,17.503033993000088],[20.48710902600004,17.330152384000087],[20.56600812100004,17.115218449000054],[20.61700090100004,16.838004700000056],[20.804591351000056,16.425912371000038],[20.76598627800007,15.614215330000036],[20.860231095000074,15.414412973000083],[20.86915087600005,15.227098230000081],[20.934908368000038,15.027296401000058],[20.93071200500009,14.87744450200006],[20.997937427000068,14.727592602000072],[20.97818491000004,14.527790245000062],[20.747830510000085,14.45286455900009],[20.370627788000036,14.215599359000066],[20.465664810000078,14.028284617000054],[20.44887729900006,13.353951860000052],[20.45743175700005,13.116686661000074],[20.539062734000083,12.954347147000078],[20.664316022000037,12.829471003000037],[20.68728535400004,12.59220580400006],[20.64143587700005,12.45484151800008],[20.53675855000006,12.230063933000054],[20.592307039000048,12.16762586100009],[20.732413785000062,12.067724419000058],[20.84542639400007,12.030261576000044],[21.30077236300008,12.030261576000044],[21.50169741700006,12.105187262000072],[21.686696552000058,12.105187262000072],[21.82755466100008,12.042749190000052],[21.967248925000035,11.930360661000066],[21.964387462000047,11.805483991000074],[22.073383053000043,11.593194019000066],[22.731138530000067,11.118663620000063],[23.01213845700005,10.968811720000076],[23.73735387800008,10.981299335000074],[23.979575629000067,11.006275091000077],[24.20847092100007,11.068713162000051],[24.190224903000058,10.25701612100005],[24.016322649000074,10.094677134000051],[23.715529814000035,9.96980046300007],[23.50039769500006,9.857411407000086],[23.20081674900007,9.782485721000057],[23.01690760200006,9.819948564000072],[22.79175157700007,9.932337620000055],[22.49330573900005,9.919850006000047],[22.264101073000063,9.807460950000063],[21.958875568000053,9.395368622000092],[21.89940364100005,9.233029635000037],[21.83718368700005,8.895862993000037],[21.69352044900006,8.78347446400005],[21.381178898000087,8.770986850000043],[21.096276471000067,8.696060636000084],[20.638992872000074,8.471283051000057],[20.111696299000073,8.296455923000053],[18.971586932000037,7.871876508000071],[18.388721015000044,7.746999837000089],[17.240118537000058,7.734512223000081],[16.914287535000085,7.759487451000041],[16.659748449000062,7.821925523000061],[16.42018492400007,7.959289808000051],[16.250693486000046,8.021727880000071],[15.85375395300008,8.03421549400008],[15.656663043000037,8.17157977900007],[15.37604770900009,8.458795437000049],[14.951797886000065,8.58367210700004],[14.698798002000046,8.808449693000057],[14.529848904000062,8.933325836000051],[14.433047268000053,9.170591036000076],[14.422267146000081,9.48278244900007],[14.77646020800006,9.420343850000052],[15.00358546800004,9.420343850000052],[14.83697851900007,9.745022878000043],[14.388461782000093,10.232040892000043],[14.086549148000074,11.043737934000092],[13.93051607700005,11.068713162000051],[13.560417500000085,11.031250319000037],[13.345593104000045,10.906373649000045],[13.033051485000044,10.918861263000053],[12.918881431000045,10.881398420000039],[12.535126613000045,10.881398420000039],[12.335850146000041,10.85642319100009],[12.00768435200007,10.74403413500005],[11.462045183000043,10.207065663000037],[11.360391598000092,9.982288078000067],[11.28736421900004,9.757510492000051],[11.10244927000008,9.720047649000037],[10.477812992000054,9.732535264000092],[10.393750112000077,9.869899021000037],[10.40229420500009,10.793985120000059],[10.278203709000081,11.181101691000038],[10.152504591000081,11.405879277000054],[9.98298649700007,11.518268333000037],[9.67071371500009,11.580706405000058],[9.37322779300007,11.705583076000039],[9.177920078000056,12.105187262000072],[9.322102950000044,12.292502005000074],[9.623906479000084,12.567230575000053],[9.883656993000045,12.87942146100005],[9.88721939700008,13.191612347000046],[9.960953256000039,13.403902318000064],[9.977896251000061,13.62867990300009],[10.09378141700006,13.778531803000078],[10.037983011000051,13.878432717000067],[9.879760342000054,13.76604418800008],[9.038413758000047,13.753556574000072],[8.701428203000091,13.70974758400007],[8.715324593000048,14.957931375000044],[8.292506033000052,16.968365539000047]]]}},{"type":"Feature","properties":{"id":"8","n":"Umm Ruwaba Aquifer (Sudd Basin)"},"geometry":{"type":"Polygon","coordinates":[[[24.20847075800009,11.068713087000049],[24.62574488000007,11.36482404600008],[24.79914768000009,11.542888596000068],[25.32784584500007,11.72837250200007],[25.53894137700007,11.720953146000056],[25.719583536000073,11.839662846000067],[25.745682808000083,12.774501734000069],[25.836188792000087,12.974824352000041],[25.83928450800005,13.078695340000081],[25.995682215000045,13.212243753000052],[26.167500344000075,13.293856671000071],[26.804113674000064,13.345792165000091],[27.371387188000085,13.345792165000091],[27.758912484000064,13.286437315000057],[28.001990899000077,13.212243753000052],[28.224570905000064,12.767082377000065],[28.227167978000068,12.581598471000063],[28.19283711500009,12.292243577000079],[28.186873080000055,11.809985421000079],[28.350080129000048,11.60966280200006],[28.35427414700007,11.46127567700006],[28.528074985000046,11.03095301400009],[28.643057449000082,10.91224331400008],[28.808916096000075,10.800952970000083],[29.101016836000042,10.674823914000058],[29.411181080000063,10.59321099500005],[29.544443981000086,10.526436789000059],[29.83428841300008,10.318694814000082],[30.20853168800005,10.11095283900005],[30.46590323500004,9.94772700100009],[30.714497261000076,9.762243095000088],[30.899912747000087,9.754823739000074],[31.07962690700009,9.858694726000067],[31.21813710500004,9.999662495000052],[31.450442440000074,10.162888333000069],[31.71518119800004,10.274178676000076],[31.778285998000058,10.415146445000062],[31.736959933000037,10.734178764000092],[31.769464482000046,11.51321117100008],[31.90053848000008,11.646759583000062],[32.12148242600006,11.683856364000064],[32.33498477400008,11.750630571000045],[32.48544296300008,11.950953190000064],[32.50668384000005,12.077082246000089],[32.501575840000044,12.173533877000068],[32.59875810500006,12.292243577000079],[32.76022553000007,12.314501646000053],[32.936495377000085,12.277404865000051],[33.08685756500006,12.225469371000088],[33.186573045000046,11.936114477000046],[33.27594981300007,11.832243489000064],[33.28851403200008,11.706114433000039],[33.33467493400008,11.572566021000057],[33.32272789500007,11.468695033000074],[33.162569862000055,11.223856277000039],[33.195634373000075,11.201598208000064],[33.37351019300007,11.216436920000092],[33.516869917000065,11.209017564000078],[33.51323189900006,11.097727220000081],[33.54293792500005,10.971598164000056],[33.70803164300008,10.852888464000046],[33.81709579100004,10.830630395000071],[33.91464416100007,10.71192069500006],[34.08926391000006,10.355791595000085],[34.06085824500008,9.969985070000064],[33.95083319000008,9.643533395000077],[33.92986674600007,9.487726914000064],[33.91493870700009,8.552888026000062],[33.98414409900005,8.270952488000091],[33.980889252000054,8.12998471900005],[34.08404064300004,7.848049182000068],[34.26331003800004,7.573533],[34.52024120800007,6.979984500000057],[34.482353928000066,6.772242525000081],[34.28949870800005,6.379016644000046],[34.26946646300007,6.208371450000072],[34.30774379800005,6.000629475000039],[34.43557167800009,5.614822949000086],[34.425132476000044,5.496113249000075],[34.320720847000075,5.288371274000042],[34.258725361000074,5.095468012000083],[34.10508157500004,4.961919599000055],[33.875602221000065,4.835790543000087],[33.71457382700004,4.769016337000039],[33.50405110200006,4.754177624000079],[33.18540568200007,4.806113118000042],[32.78413805400004,4.93966153000008],[32.59109526800006,4.961919599000055],[32.25478906400008,4.969338955000069],[32.05401134500005,5.036113162000049],[31.854446736000057,5.191919643000062],[31.49031370600005,5.58514552400004],[31.216058670000052,5.800306856000077],[30.957828550000045,5.963532693000047],[30.683390152000072,6.163855312000067],[29.97527839500009,6.60159733100005],[29.557522567000035,6.787081237000052],[29.366053597000075,6.913210294000066],[29.140261579000082,7.002242569000089],[28.665474651000068,7.299016819000087],[28.40086543500007,7.573533],[28.336583958000062,7.744178194000085],[28.466118399000038,7.914823388000059],[28.67459605600004,8.241275063000046],[28.575072684000077,8.322887982000054],[28.289270156000043,8.359984763000057],[27.728071211000042,8.538049313000045],[27.36125416100009,8.745791288000078],[27.128130328000054,8.894178413000077],[26.713341477000085,9.235468801000081],[26.430193733000067,9.41353335100007],[25.707955994000088,9.984823782000092],[25.36593108200009,10.162888333000069],[24.72521580500006,10.192565758000057],[24.55707715200009,10.222243183000046],[24.41457332300007,10.266759320000062],[24.190224903000058,10.25701612100005],[24.20847075800009,11.068713087000049]]]}},{"type":"Feature","properties":{"id":"9","n":"Ogaden-juba Basin"},"geometry":{"type":"Polygon","coordinates":[[[37.69912399100008,1.92362414300004],[37.92473981300009,1.889227285000061],[38.54762091900005,1.854830956000058],[38.81246346100005,1.854830956000058],[39.03168215200009,1.98553890800008],[39.088058292000085,2.185040047000086],[39.214440324000066,2.357024333000084],[39.42721505900005,2.577163903000042],[39.50504463700008,2.570284954000044],[39.58178431600004,2.467094382000084],[39.69803847700007,2.412059621000083],[39.79954142000008,2.432697524000048],[40.26276447200007,2.735389763000057],[40.24885699400005,2.86609771500008],[40.20385824600004,2.996805667000046],[40.23695505900008,3.134392568000067],[40.44500474800009,3.492120095000075],[40.525773738000055,3.664103854000075],[40.646668127000055,4.303885188000038],[40.611602119000054,4.496507377000057],[40.50832083800009,4.771682235000071],[40.473333859000036,4.950545471000055],[40.46818007500008,5.081253423000078],[40.509782502000064,5.218840852000085],[40.72427092400005,5.418342519000078],[40.54898558000008,5.624723135000067],[40.10619814200004,6.092520182000044],[40.147586121000074,6.202590231000045],[40.462468450000074,6.670387279000067],[40.52993074800008,6.883647371000052],[40.52097822400009,7.158822229000066],[40.46677742900005,7.489031848000081],[40.53112224000006,7.860517273000085],[40.535921715000086,8.039381037000055],[40.659539505000055,8.273279560000049],[40.80876804500008,8.300796941000044],[41.06701047100006,8.314555367000082],[41.56207653600006,8.679161843000088],[41.79141155800005,8.768593988000077],[42.24622543800007,8.816749272000038],[42.61829935700007,8.968095127000083],[42.698634121000055,9.036888842000053],[42.856517577000034,9.085044653000068],[43.07520596900008,9.078165176000084],[43.46658451700006,9.332701603000089],[43.533712914000034,9.47028903200004],[43.64527991600005,9.532203270000082],[43.83391164200009,9.559720650000088],[44.319047056000045,9.566600127000072],[44.612727524000036,9.690428602000054],[44.78135253600004,9.81425760500008],[44.947835215000055,9.876171842000076],[45.519905839000046,9.903689223000072],[45.70084151600008,9.931206603000078],[45.954819490000034,10.027517698000054],[46.09952689700003,10.123828793000087],[46.290402475000064,10.199501984000051],[46.590315478000036,10.261416222000037],[47.40300237100007,10.598505317000047],[47.92793397000008,10.784248030000072],[48.33819121000005,10.853041744000052],[48.59943016200003,10.914955982000038],[49.12728376000007,10.983749696000075],[49.48425907400008,11.08006079100005],[49.80352407100008,11.20388926600009],[50.10864144200008,11.355235649000065],[50.330743133000055,11.410270410000066],[50.59135599000007,11.45154674400004],[50.84876475300007,11.582254696000064],[51.22063887200005,11.853906203000065],[51.27722122600005,11.836668210000084],[51.24248946900008,11.671945857000082],[51.122773961000064,11.503054988000088],[51.07638473700007,11.328056941000057],[51.076941661000035,11.188890097000069],[51.16999846600004,11.146946441000068],[51.11416643500007,10.974166645000082],[51.145553032000066,10.63361275300008],[51.098607222000055,10.487502074000076],[51.01416111300006,10.442779407000046],[51.06149888300007,10.43172350000009],[51.13483112400007,10.446723725000084],[51.26082670200009,10.500279300000045],[51.37415956500007,10.488612518000082],[51.41263672600007,10.451516833000085],[51.392494001000046,10.399723197000071],[51.371385763000035,10.373057245000041],[51.278886054000054,10.381945017000078],[51.26138290600005,10.418335398000067],[51.212216055000056,10.425555657000075],[51.08110849900004,10.403280838000057],[50.963336723000054,10.363334399000053],[50.89693870900004,10.31972481400004],[50.89916235600003,10.022779980000053],[50.80249643900004,9.57472298500005],[50.842494904000034,9.456112805000089],[50.83625194400008,9.432689560000085],[50.76610427900005,9.313056505000077],[50.69944299900004,9.27944619100009],[50.656940112000086,9.223890761000064],[50.638055035000036,9.073612092000076],[50.554717665000055,8.990277629000047],[50.49277301800004,8.956945849000078],[50.42610913500005,8.862502199000062],[50.32360917500006,8.624168757000064],[50.32027498400004,8.530280593000043],[50.24499547900007,8.45305647300006],[50.15110796000005,8.309722694000072],[50.113326107000034,8.19194600600008],[50.06554899000008,8.13555761200007],[49.922219718000065,8.047224305000043],[49.82666106700003,7.941946310000048],[49.806391072000054,7.882779959000061],[49.80193789000003,7.722224014000062],[49.73249835100006,7.574445294000043],[49.60416561000005,7.337779892000071],[49.37888161800004,7.04139054400008],[49.219444327000076,6.758334963000038],[49.073881801000084,6.410556065000037],[49.082497,6.28500205000006],[49.04083168600005,6.149724133000063],[48.66832670000008,5.528613027000063],[48.31582592500007,5.073612725000089],[48.201660392000065,4.903057509000064],[48.00000143300008,4.52166829500004],[47.593606856000065,4.076390311000068],[47.45304583400008,3.883611974000075],[47.21944493700005,3.672224601000039],[46.763885379000044,3.160001357000056],[46.35805623400006,2.791112418000068],[46.01471747100004,2.427779392000048],[45.36777310600007,2.038612324000042],[45.004169362000084,1.860835266000038],[44.54888218100007,1.554724126000053],[44.17416635200004,1.246668523000039],[43.94221246200004,1.015835457000094],[43.79193781200007,0.925279680000074],[43.48861176400004,0.65000037100009],[42.809441390000075,-0.091663267999934],[42.56333280600006,-0.313608561999956],[42.176941303000035,-0.798052244999951],[42.06666653500008,-0.896108398999957],[41.97276448300005,-1.020274490999952],[41.64721919800007,-1.566941541999938],[41.31527659900007,-1.958052546999909],[40.89166515800008,-2.019163360999926],[40.94500174400008,-2.212497184999961],[40.98305830800007,-2.252497430999938],[40.95749682400009,-2.306386403999909],[40.90943927400008,-2.316386201999933],[40.92749493900004,-2.280830367999954],[40.894719155000075,-2.225830423999923],[40.85499250200007,-2.23610822899991],[40.78416141400004,-2.306941889999962],[40.785267360000034,-2.335553887999936],[40.82221673100008,-2.36610823999996],[40.81720823500007,-2.396664174999955],[40.638053021000076,-2.549997222999934],[40.59194506700004,-2.553886678999959],[40.52776692600008,-2.525275207999925],[40.48583179100007,-2.535274477999906],[40.382217955000044,-2.56888637499992],[40.236662924000086,-2.663330552999923],[40.16999601800006,-2.786108721999938],[40.177494953000064,-2.983052938999947],[40.119166035000035,-3.181386133999922],[40.13416197200007,-3.226108272999909],[40.12471196700005,-3.26860794199996],[40.10055639600006,-3.298608390999959],[39.974158980000084,-3.375830400999916],[39.87138082200005,-3.619997760999922],[39.867490211000074,-3.695553313999937],[39.80555134900004,-3.875552842999923],[39.69888542700005,-4.049719506999907],[39.68277615000005,-4.053886440999918],[39.52554799400008,-4.417775480999921],[39.40666101900007,-4.630553413999905],[39.32582498800008,-4.639997726999923],[39.30082773600009,-4.597219523999911],[39.255827999000076,-4.61194226899994],[39.203027931000065,-4.669615190999934],[39.21860617900006,-4.695552100999919],[39.220550596000066,-4.848608197999908],[39.199549378000086,-4.891090985999938],[38.96874409600008,-4.610053722999908],[38.49220278000007,-3.703697272999932],[38.47325873700004,-3.490436651999914],[38.54033577100006,-3.284056035999924],[38.55840596200005,-2.891932179999912],[38.48560208200007,-2.671792082999957],[38.35790427300009,-2.396617751999941],[38.27742233200007,-2.135201847999951],[38.399774928000056,-1.873785943999906],[38.39090246100005,-1.736198514999955],[38.226094216000035,-1.564214228999958],[38.13815992600007,-1.185849325999925],[38.136007266000036,-0.642379086999938],[38.16661533900009,-0.401601613999958],[38.22873671800005,-0.277772610999932],[38.25197552600008,-0.140185709999912],[38.625980749000064,0.32073186100007],[38.69652282800007,0.554630384000063],[38.70470928900005,0.699097290000054],[38.63531533100007,0.898598957000047],[38.36379339600006,1.139376430000084],[37.781811265000044,1.517741860000058],[37.72103554000006,1.737881430000073],[37.69912399100008,1.92362414300004]],[[45.86939971000004,4.379238698000051],[45.742146406000074,4.351307209000083],[45.707384010000055,4.211651347000043],[45.76592001100005,3.988202602000058],[45.758464778000075,3.611132250000082],[45.78603758300005,3.387682977000054],[45.99320551800008,3.471476389000088],[46.13713792200008,3.555269800000076],[46.390806945000065,3.583200761000057],[46.551722907000055,3.722856623000041],[47.17702088000004,4.113892719000091],[47.322913731000085,4.267513797000049],[47.263195101000065,4.421135403000051],[47.220111615000064,4.602687443000093],[47.09591428400006,4.700446599000088],[46.586946338000075,4.602687443000093],[46.122637034000036,4.379238698000051],[45.86939971000004,4.379238698000051]]]}},{"type":"Feature","properties":{"id":"10","n":"Bassin du Congo"},"geometry":{"type":"Polygon","coordinates":[[[13.650143520000086,-2.332078212999932],[13.696378105000065,-2.008173782999961],[13.695643287000053,-1.757409061999908],[13.753988614000036,-1.433504630999948],[13.777154340000038,-1.193188440999961],[14.237474729000041,-0.388651628999924],[14.485772325000084,-0.158783967999909],[14.68685142600009,0.13377487200006],[14.686946822000039,0.363642533000075],[14.640016938000088,0.771135204000075],[14.829409352000084,0.865171974000077],[14.98323371400005,0.896517564000078],[15.373482985000066,0.823377854000057],[15.515541623000047,0.896517564000078],[15.539716561000091,1.178627875000075],[15.622973095000077,1.377149945000042],[15.907886639000083,1.73239996600006],[16.02692816600006,1.951819096000065],[16.087291866000044,2.265274997000063],[16.04184921800004,2.683216198000082],[16.16114231000006,2.871289738000087],[16.31596029500008,3.048914749000062],[16.37642434500009,3.268333879000068],[16.17691803300005,3.539995660000045],[16.097231303000058,3.999730981000084],[15.966999180000073,3.999730981000084],[15.82448008700004,3.937039801000083],[15.624033627000074,4.051973631000067],[15.270900829000084,4.334083942000063],[15.153924604000053,4.522157482000068],[15.096458374000065,4.741576613000063],[15.098197710000079,4.95054721300005],[15.12291209500006,5.086378103000072],[15.206202158000053,5.138620754000044],[15.395365902000037,5.086378103000072],[15.429767432000062,4.940098683000087],[15.572454099000083,5.002789863000089],[15.656737408000083,5.190863404000083],[15.649718138000082,5.817775205000089],[15.722097898000072,5.974503155000093],[15.95920575100007,5.984951685000055],[16.172347866000052,5.964054625000074],[16.32587615300008,5.901363445000072],[16.443319399000075,5.775981085000069],[16.678733031000036,5.587907545000064],[16.77171808500009,5.368488414000069],[16.948833857000068,5.295348704000048],[17.18231754900006,4.887856033000048],[17.19182632500008,4.637091312000052],[17.23779730800004,4.480363362000048],[17.15338117400006,4.302738352000063],[17.07006057300009,4.25049570200008],[17.233884567000075,4.010179511000047],[17.36411731000004,4.010179511000047],[17.553967684000042,4.062422161000086],[17.552558829000077,3.884797151000043],[17.657597963000057,3.686275080000087],[17.881970808000062,3.613135370000066],[18.54462201700005,3.581789780000065],[19.123840577000067,3.477304480000043],[19.27670216300004,3.341473589000088],[19.27558146100006,3.184745639000084],[19.54650274700009,2.996672099000079],[19.73537004700006,2.923532389000059],[19.736353446000066,3.069811809000043],[19.80885627400005,3.278782409000087],[19.904090975000088,3.351922119000051],[20.058443668000052,3.414613300000042],[20.175530004000052,3.247436819000086],[20.531159063000075,3.32057652900005],[21.04137868500004,3.477304480000043],[21.27828810200009,3.498201540000082],[21.421508849000077,3.634032430000047],[21.59972924100009,3.707172140000068],[21.753429130000086,3.686275080000087],[21.87104819700005,3.602686840000047],[22.13137316600006,3.592238310000084],[22.272482943000057,3.487753010000063],[22.426360095000064,3.487753010000063],[22.62815162800007,3.550444190000064],[22.85248143700005,3.487753010000063],[23.04037795100004,3.32057652900005],[23.229752961000088,3.32057652900005],[23.347384902000044,3.236988289000067],[23.595931859000075,3.236988289000067],[23.701643725000054,3.142951519000064],[23.700518396000064,3.007120629000042],[23.66410265400009,2.892186798000068],[23.662993503000052,2.745907378000084],[23.874572390000083,2.547385308000059],[24.146295903000066,2.484694128000058],[24.62977942400005,2.233929407000062],[24.78276521500004,2.098098517000039],[24.923789127000077,1.930922036000084],[24.922966811000038,1.77419408600008],[24.827430201000084,1.586120545000085],[24.495011717000068,1.293561705000059],[24.352981734000082,1.272664645000077],[24.41157842100006,1.105488164000064],[24.659657189000086,0.99055433400008],[24.895836467000038,0.833826384000076],[25.14410157100008,0.771135204000075],[25.30957314400007,0.708444023000084],[25.380348603000073,0.603958723000062],[25.38009775000006,0.436782243000039],[25.427276859000074,0.311399883000092],[25.557319156000062,0.217363112000044],[25.557267041000046,-0.106541317999927],[25.462714820000087,-0.252820738999958],[25.41552634900006,-0.388651628999924],[25.474949827000046,-0.587173698999948],[25.61741496800005,-0.837938419999944],[25.771705162000046,-1.026011959999948],[25.855203783000036,-1.234982560999924],[25.868035989000077,-1.48574728199992],[26.00020001000007,-1.893239951999931],[26.001629664000063,-2.133556142999907],[26.04018009300006,-2.572394403999908],[26.23024199300005,-2.666431173999911],[26.490574678000087,-2.666431173999911],[26.61003103300004,-2.802262063999933],[26.634878909000065,-2.938092954999945],[26.636506790000055,-3.115717964999931],[26.531091265000043,-3.230651794999915],[26.21163238200006,-3.241100324999934],[26.081743605000042,-3.272445915999924],[26.034808087000044,-3.314240035999944],[26.024118677000047,-3.429173865999928],[26.050774552000064,-3.711284176999925],[26.04763084600006,-4.432232747999933],[25.95498389700009,-4.588960698999927],[25.755366819000074,-4.71434305899993],[25.662663420000058,-4.860622478999915],[25.679471429000046,-5.247218089999933],[25.835683249000056,-5.424843099999919],[25.921700095000062,-5.665159290999952],[25.924045651000085,-5.842784300999938],[25.85491341800008,-5.989063721999912],[25.534933567000053,-5.989063721999912],[25.21357827500009,-5.884578421999947],[25.011985070000037,-5.874129890999939],[24.799892948000036,-5.968166661999931],[24.76750985400008,-6.208482851999918],[24.98184771800004,-6.281622561999939],[25.149378951000074,-6.396556392999912],[25.38928010400008,-6.595078462999936],[25.522442067000043,-6.78315200399993],[25.715463278000072,-7.002571133999936],[25.801228192000053,-7.180196143999922],[25.852496373000065,-7.420512334999955],[25.654423311000073,-7.63993146599995],[25.441751598000053,-7.692174115999933],[25.059961973000043,-7.556343224999921],[24.807288955000047,-7.326475564999953],[24.745609907000073,-7.169747613999959],[24.74250511100007,-6.960777013999916],[24.64642861100009,-6.877188773999933],[24.50429551500008,-6.887637303999952],[24.242107428000054,-6.79360053399995],[23.84478265900009,-6.34431374299993],[23.68906701600008,-6.218931381999937],[23.52420195700006,-6.30251962199992],[23.360010576000036,-6.438350512999932],[23.06406426700005,-6.469696102999933],[22.70923742100007,-6.532387282999935],[22.60254590800008,-6.532387282999935],[22.437777004000054,-6.626424052999937],[22.166568579000057,-6.741357882999921],[21.800356432000058,-6.845843183999932],[21.553494189000048,-7.013019663999955],[21.304212524000036,-6.992122603999917],[20.758755074000078,-6.992122603999917],[20.41615745900009,-7.096607903999939],[20.394383980000043,-7.253335854999932],[20.397029861000078,-7.462306454999919],[20.447739480000052,-7.713071175999914],[20.460481649000087,-8.632541817999936],[20.473265618000084,-8.695232997999938],[20.50484096100007,-8.715119585999958],[18.489091103000078,-9.993681839999908],[18.32756037200005,-9.771431589999906],[18.088168605000078,-9.64604922999996],[17.97935956000009,-9.510218339999938],[17.893781884000077,-9.332593328999906],[17.616221925000048,-8.998240368999916],[17.51936229000006,-8.851960947999942],[17.457123787000057,-8.622093287999917],[17.22918559100009,-8.42357121699996],[17.048462270000073,-8.193703556999935],[16.990218009000046,-8.287740326999938],[16.86088833100007,-8.39222562699996],[16.718587797000055,-8.402674156999922],[16.50411970300007,-8.329534446999958],[16.348666483000045,-8.225049146999936],[16.03253682500008,-7.504100574999939],[15.971456774000046,-7.326475564999953],[15.86319065500004,-7.169747613999959],[15.553193751000038,-6.992122603999917],[15.491252480000071,-6.699563762999958],[15.272805898000058,-6.103997551999953],[15.27129175500005,-5.915924011999948],[15.340506926000046,-5.675607820999915],[15.350138300000083,-5.383048979999955],[15.548435993000055,-4.965107778999936],[15.688499124000089,-4.724791588999949],[15.686026404000074,-4.421784217999914],[15.636588936000066,-4.150122437999926],[15.494355194000036,-4.129225377999944],[15.09246950000005,-4.223262147999947],[14.949936428000058,-4.160570967999945],[14.794727437000063,-3.972497426999951],[14.686564031000046,-3.721732706999944],[14.602201826000055,-3.470967985999948],[14.506404884000062,-3.272445915999924],[14.246018941000045,-3.272445915999924],[14.138640556000041,-3.105269434999911],[14.10252397000005,-2.979887074999908],[13.925055926000084,-2.990335604999927],[13.770726419000084,-2.885850304999906],[13.734273102000088,-2.666431173999911],[13.650143520000086,-2.332078212999932]]]}},{"type":"Feature","properties":{"id":"11","n":"Upper Kalahari-Cuvelai-Zambezi Basin"},"geometry":{"type":"Polygon","coordinates":[[[14.090040577000082,-15.967409893999957],[14.085220014000072,-15.727093703999913],[14.186649816000056,-15.413637802999915],[14.111877766000077,-15.256909852999911],[14.132173238000064,-15.068836311999917],[14.296461987000043,-14.912108361999913],[14.473258783000063,-14.78672600199991],[14.699405273000082,-14.744931881999946],[14.914405657000088,-14.744931881999946],[15.142604363000089,-14.807623061999948],[15.203596281000046,-14.87031424199995],[15.349094386000047,-14.974799541999914],[15.527447833000053,-14.933005421999951],[15.588493493000044,-14.995696601999953],[15.715563452000083,-15.350946622999913],[15.757140769000046,-15.612159873999929],[15.843645992000063,-15.737542233999932],[15.901809579000087,-15.664402523999911],[16.028453983000077,-15.444983392999916],[16.024306252000088,-15.256909852999911],[16.05291150700009,-14.922556891999932],[16.110632243000055,-14.82852012199993],[16.480951597000058,-14.82852012199993],[16.741448215000048,-14.724034821999908],[16.89463851900007,-14.629998050999916],[17.203507796000054,-14.556858340999952],[17.392923083000085,-14.483718630999931],[17.571791723000047,-14.473270100999912],[17.78266200300004,-14.295645090999926],[17.802766468000073,-14.128468609999913],[17.870407313000044,-13.950843599999928],[17.85160903600007,-13.63738769899993],[17.571765241000037,-13.376174448999905],[17.45187670900009,-13.344828857999914],[17.256865965000088,-13.135858257999928],[17.26544986600004,-12.968681777999905],[17.49617493100004,-12.582086166999943],[17.514180200000055,-12.279078795999908],[17.372643934000052,-11.704409644999942],[17.286017995000066,-11.516336103999947],[17.127920277000044,-11.317814033999923],[17.18458251600009,-11.15063755299991],[17.323486827000067,-10.920769892999942],[17.246557616000075,-10.575968401999944],[17.243437847000052,-10.37744633199992],[17.38348044600008,-10.210269850999907],[17.52400595900008,-10.074438960999942],[17.850335530000052,-10.41924045199994],[17.971952487000067,-10.586416931999906],[18.165355368000064,-10.774490472999958],[18.381939367000086,-10.920769892999942],[18.64357932100006,-10.920769892999942],[18.725342380000086,-10.83718165299996],[18.638275691000047,-10.617762521999907],[18.60677202800008,-10.158027200999925],[18.489091103000078,-9.993681839999908],[20.50484096100007,-8.715119585999958],[20.688963087000047,-8.83106388799996],[20.78362647000006,-8.810166827999922],[20.892696141000044,-8.956446247999907],[21.132439864000048,-9.102725668999938],[21.228924507000045,-9.19676243899994],[21.255188176000047,-9.353490388999944],[21.425592056000085,-9.60425510999994],[21.643861144000084,-9.865468360999955],[21.811657875000037,-9.949056600999938],[21.936029081000072,-10.241615440999908],[22.06198035500006,-10.596865461999926],[22.093130836000057,-10.952115482999943],[22.201726990000054,-11.025255192999907],[22.532276128000035,-10.910321362999923],[23.194599768000046,-10.743144882999957],[23.408175276000065,-10.722247822999918],[23.57929525700007,-10.931218422999905],[23.71321088800005,-11.067049312999927],[23.71903357700006,-11.317814033999923],[23.546245038000052,-11.55813022399991],[23.204604118000077,-11.704409644999942],[22.849515585000063,-11.787997884999925],[22.78408171700005,-12.03876260599992],[22.76484316200009,-12.226836145999926],[22.78218845100008,-12.446255275999931],[22.93070191000004,-12.665674406999926],[23.03955073700007,-12.728365586999928],[23.277578907000077,-12.717917056999909],[23.490946257000076,-12.676122936999946],[23.813192520000086,-12.697019996999927],[23.912742679000075,-12.853747946999931],[24.071688515000062,-13.000027367999905],[24.233400988000085,-13.24034355799995],[24.23758726400007,-13.386622978999924],[24.435415358000057,-13.626939168999911],[24.820567851000078,-13.741872998999952],[24.886619219000067,-13.950843599999928],[25.15142118500006,-14.023983309999949],[25.375844880000045,-13.950843599999928],[25.87286172800009,-14.191159789999915],[25.979472049000037,-14.525512750999951],[25.83022679600009,-14.703137761999926],[25.459701189000043,-15.047939251999935],[25.467285794000077,-15.26735838299993],[25.401779124000086,-15.444983392999916],[25.410680745000036,-15.695748113999912],[25.80726285800006,-15.747990763999951],[25.889079207000066,-15.695748113999912],[26.126358250000067,-15.64350546399993],[26.975057466000067,-15.63305693399991],[26.87217519400008,-15.758439293999913],[26.638496742000086,-15.904718713999955],[26.238491088000046,-16.39579962499994],[26.094234252000035,-16.688358465999954],[26.04508817800007,-16.96002024699993],[26.138654788000053,-17.20033643699992],[25.904414716000076,-17.33616732799993],[25.61312964600006,-17.545137927999917],[25.31667004400009,-17.628726167999957],[25.051742156000046,-17.900387948999935],[24.604559033000044,-18.11980707899994],[24.401324813000087,-18.140704138999922],[24.09419321100006,-18.266086499999915],[23.69379316600009,-18.46460856999994],[23.429547309000043,-18.46460856999994],[22.30899772500004,-18.370571799999937],[21.972737727000037,-18.370571799999937],[21.55807541300004,-18.52729974999994],[21.354615768000087,-18.548196809999922],[21.09033276100007,-18.548196809999922],[20.923998246000053,-18.600439459999905],[20.754140867000046,-18.89299830099992],[20.588809327000035,-19.31093950199994],[20.59489794500007,-19.478115981999906],[20.703957124000056,-19.499013041999945],[21.399073032000047,-19.425873331999924],[21.449982497000065,-19.499013041999945],[21.406241935000082,-19.613946872999918],[21.253771699000083,-19.71843217299994],[21.22690218000008,-19.958748363999916],[21.01670199600005,-20.13637337399996],[20.93658056000004,-20.251307203999943],[20.946973008000043,-20.53341751499994],[20.93374117500008,-20.82597635499991],[20.896070860000066,-21.108086665999906],[20.830357202000073,-21.285711676999938],[20.80245152400005,-21.505130806999944],[20.799143099000048,-21.734998467999958],[20.61420460900007,-21.954417597999907],[20.438474411000072,-22.10069701799995],[20.20023678000007,-22.19473378899994],[19.95841127600005,-22.19473378899994],[19.566151880000064,-22.04845436799991],[19.222097216000066,-21.891726417999905],[19.16968881300005,-21.77679258799992],[19.11109977400008,-21.484233746999905],[18.904736338000077,-21.452888156999904],[18.756271172000083,-21.34840285699994],[18.487415859000066,-20.888667535999957],[18.37542435200004,-20.784182234999946],[18.15631390300007,-20.721491054999944],[17.97442966400007,-20.690145464999944],[17.940699640000048,-20.38713809399991],[18.126887466000085,-20.178167493999922],[18.17666016800007,-19.854263062999905],[18.178788798000085,-19.551255692999916],[18.159687830000053,-19.33183656199992],[18.009727231000056,-19.154211551999936],[17.875171264000073,-19.081071841999915],[17.63309598300009,-19.028829190999943],[17.18701138600005,-18.987035070999923],[16.92253029500006,-18.987035070999923],[16.66046223400008,-19.070623310999906],[16.545658925000055,-19.258696851999957],[16.36554579200009,-19.26914538199992],[16.194488920000083,-19.175108611999917],[15.973091348000082,-18.997483600999942],[15.814522865000072,-18.91389536099996],[15.345729178000056,-18.91389536099996],[15.118431581000038,-18.955689480999922],[14.886285761000067,-18.809410060999937],[14.706539088000056,-18.83030712099992],[14.501962905000084,-18.819858590999957],[14.366431344000091,-18.684027700999934],[14.445694934000073,-18.48550562999992],[14.450414444000046,-18.182498258999942],[14.431011364000085,-17.869042358999934],[14.366662106000092,-17.68096881799994],[14.254666898000039,-17.503343807999954],[14.19073325800008,-17.32571879799991],[14.283385937000048,-17.179439376999937],[14.290764808000063,-16.97046877699995],[14.202369175000058,-16.761498175999918],[14.16309310400004,-16.604770225999914],[14.147376462000068,-16.42714521499994],[14.276874920000068,-16.322659914999917],[14.20136399800009,-16.14503490499993],[14.090040577000082,-15.967409893999957]]]}},{"type":"Feature","properties":{"id":"12","n":"Lower Kalahari-Stampriet Basin"},"geometry":{"type":"Polygon","coordinates":[[[19.26792681900008,-22.459184940999933],[19.634642591000045,-22.584275955999942],[20.19474821400007,-22.709366969999905],[20.531218531000036,-22.66766996499996],[20.98257426100008,-22.480033443999957],[21.312999518000083,-22.29239692199991],[21.59331406800004,-22.063063394999915],[21.78627753300009,-22.063063394999915],[22.030906155000082,-22.14645740499992],[22.29627216600005,-22.14645740499992],[22.694075656000052,-21.854578370999945],[23.23970381500004,-21.64609334699992],[23.400380190000078,-21.458456824999928],[23.48519269500008,-21.18742629399992],[23.85015674200008,-20.977714887999923],[24.06252706500004,-20.878377904999923],[24.314491111000052,-20.812153250999927],[24.397679691000064,-20.96667744499996],[24.504493537000087,-21.077051869999934],[24.913871391000043,-21.110164196999904],[24.943342681000047,-21.19846373699994],[24.891569985000046,-21.46336235499996],[24.81230996100004,-21.68411120499991],[24.804085399000087,-21.78344818699992],[24.954704122000066,-21.72826097399991],[25.222706048000077,-21.452324912999927],[25.28190911100006,-21.352987930999916],[25.45342336400006,-20.922527674999913],[25.875983404000067,-20.69074138399992],[26.15770864400008,-20.44791764999991],[26.355286938000063,-20.31546833999994],[26.556387872000073,-20.260281127999917],[26.701049355000066,-20.35961810999993],[26.435409804000074,-20.668666498999926],[26.46169632400006,-20.955640002999928],[26.546591248000084,-21.132239081999955],[27.147114484000042,-21.419212585999958],[27.358354768000083,-21.56269933799996],[27.367783495000083,-21.750335858999904],[27.27291078400009,-21.893822610999905],[27.191906044000064,-22.059384247999958],[27.12478906000007,-22.24702076999995],[26.783770307000054,-22.32428286699991],[26.526604485000064,-22.29117053899995],[26.260503569000036,-22.33532030899994],[26.012006257000053,-22.47880706099994],[25.889070614000047,-22.578144042999952],[25.963321484000062,-22.787855449999938],[26.20344203700006,-22.986529413999904],[26.570076519000054,-23.152091050999957],[26.768868359000066,-23.284540359999937],[26.78093279500007,-23.51632665199992],[26.738371372000074,-23.681888287999925],[26.19111633600005,-24.244797853999955],[25.64423278000004,-24.333097392999946],[25.104996477000043,-24.322059950999915],[24.832921163000037,-24.266872737999904],[24.60100357400006,-24.244797853999955],[24.44873870200007,-24.277910180999925],[24.459021049000057,-24.48762158699992],[24.30143194100009,-24.675258108999913],[24.13835987200008,-24.75252020599993],[23.77574482500006,-24.686295551999933],[23.384962113000086,-24.564883684999927],[23.11292588500004,-24.509696471999916],[22.947151962000078,-24.53177135699991],[22.60979276900008,-24.730445320999934],[22.388792893000073,-24.95119417099994],[22.235115948000043,-25.21609278899996],[22.067616915000087,-25.701740256999926],[21.920816781000042,-25.845227008999927],[21.789209758000084,-26.03286353099992],[21.737265413000046,-26.26464982199991],[21.81433539300008,-26.49643611399995],[22.096779850000075,-26.706147519999945],[22.41582666900007,-26.87170915699994],[22.599140427000066,-27.13660777599995],[22.633163658000058,-27.699517340999932],[22.768830294000054,-28.00856572999993],[22.69571613700009,-28.28450179099991],[22.469964667000056,-28.803261585999905],[22.09524412400009,-28.825336470999957],[21.84251437800009,-28.725999488999946],[21.548445900000047,-28.37280133099995],[21.37937410300009,-28.361763887999928],[21.189040333000037,-28.427988542999913],[20.92089749200005,-28.494213197999954],[20.56193995700005,-28.56043785299994],[20.32799861700005,-28.54940040999992],[19.990826192000043,-28.317614118999927],[19.86441527800008,-28.14101503899991],[19.83552084900009,-27.36839406799993],[19.62346597800007,-27.015195908999942],[19.45400367400009,-26.982083581999916],[19.325504962000082,-26.993121023999947],[18.89709152200004,-27.202832430999933],[18.67120826000007,-27.335281739999914],[18.181950139000037,-27.36839406799993],[17.80731302500004,-27.36839406799993],[17.633173492000083,-27.235944757999903],[17.64421529300006,-26.91585892699993],[17.58112594800008,-26.661997750999944],[17.612411729000087,-26.49643611399995],[17.591175604000057,-26.010788645999924],[17.83389221300007,-25.668627929999957],[17.88883617600004,-25.44787908099994],[17.959590320000075,-24.98430649799991],[18.174876020000056,-24.553846241999906],[18.26740768700006,-24.277910180999925],[18.24855993300008,-24.11234854399993],[18.203327398000056,-23.924712021999937],[18.19738708500006,-23.75915038599993],[18.29354079400008,-23.582551305999914],[18.66452203600005,-23.218315704999952],[18.65540399100007,-22.96445452899991],[18.748646352000037,-22.710593352999922],[18.808631953000088,-22.600218927999947],[18.841476868000086,-22.445694733999915],[19.005625834000057,-22.390507520999904],[19.26792681900008,-22.459184940999933]]]}},{"type":"Feature","properties":{"id":"13","n":"Karoo Basin"},"geometry":{"type":"Polygon","coordinates":[[[18.97184505900009,-29.564845115999958],[19.029877059000057,-29.443433248999952],[19.244424380000055,-29.33305882399992],[19.500383316000068,-29.266834168999935],[19.727061939000066,-29.14542230299992],[19.895194519000086,-29.134384859999955],[20.09124631700007,-29.15645974499995],[20.252349354000046,-29.24475928499993],[20.462156290000053,-29.277871611999956],[21.085840851000057,-29.487583018999942],[21.50674070000008,-29.564845115999958],[21.851308045000053,-29.664182097999912],[22.462466963000054,-29.664182097999912],[22.699664130000087,-29.52069534599991],[22.847294571000077,-29.399283478999905],[23.18209960100006,-29.167497186999924],[23.433389506000083,-29.046085319999918],[23.766982650000045,-28.803261585999905],[23.936370184000054,-28.626662506999935],[24.085085719000062,-28.527325524999924],[24.315304255000058,-28.483175754999934],[24.403714260000072,-28.450063427999908],[24.744970927000054,-28.14101503899991],[24.96651465800005,-27.975453402999904],[25.141553125000087,-27.887153862999924],[25.350755709000055,-27.732629668999948],[25.616165936000073,-27.64433012899991],[26.05338639000007,-27.611217801999942],[26.35627764500009,-27.32424429799994],[26.413910568000063,-27.22490731599993],[26.533800729000063,-27.09245800599996],[26.909459988000037,-26.92689636999995],[27.074110751000035,-26.882746599999905],[27.30401242700009,-26.849634271999946],[27.630031788000053,-26.71718496299991],[28.132997973000045,-26.71718496299991],[28.34824289700009,-26.661997750999944],[28.509665768000048,-26.397099131999937],[28.609133015000054,-26.165312839999956],[28.69615876900008,-26.12116306999991],[29.288513772000044,-26.12116306999991],[30.26191804800004,-26.562660768999933],[30.496526457000073,-26.595773095999903],[30.693472562000068,-26.805484502999946],[30.845038916000078,-26.92689636999995],[31.07511330400007,-27.059345678999932],[31.189219367000078,-27.191794987999913],[31.341322132000073,-27.31320685499992],[31.12997499900007,-27.41254383699993],[30.793011616000058,-27.86507897799993],[30.746137821000048,-28.074790384999915],[30.67791781300008,-28.185164808999957],[30.51275438600004,-28.37280133099995],[30.570818387000088,-28.59355017999991],[30.673233235000055,-28.725999488999946],[30.715885278000087,-28.913636010999937],[30.67787211800004,-29.068160204999913],[30.61798269800005,-29.266834168999935],[30.497287734000054,-29.509657902999948],[30.426673527000048,-29.730406752999954],[30.395240440000066,-29.951155601999915],[30.12401964700007,-30.38161585699993],[29.992428371000074,-30.503027723999935],[29.986867964000055,-30.71273913099992],[29.86416758200005,-31.054899846999945],[29.72202697700004,-31.330835907999926],[29.69333048200008,-31.519166609999957],[29.629444928000055,-31.58138839599991],[29.411940326000035,-31.704166564999923],[29.09166532200004,-32.06444257299995],[28.934164722000048,-32.21944788199994],[28.56833172800009,-32.52611292499995],[28.537775380000085,-32.574167977999934],[28.359720975000073,-32.700274313999955],[28.228052449000074,-32.76749705399993],[27.899996756000064,-33.040555473999916],[27.730275481000035,-33.1174957849999],[27.606107816000076,-33.211941544999945],[27.096107318000065,-33.528613770999925],[26.731667024000046,-33.65444421099994],[26.62555280500004,-33.71972301399995],[26.455274887000087,-33.77360776599994],[26.28444141400007,-33.766392254999914],[26.12579626300004,-33.72368654699994],[25.962506706000056,-33.62662393799991],[25.755141413000047,-33.39483764699992],[25.551161695000076,-33.32861299199993],[25.246195688000057,-33.30653810699994],[25.012994435000053,-33.207201124999926],[24.962147120000054,-33.08578925799992],[24.84566291200008,-32.964377390999914],[24.604937439000082,-32.920227620999924],[24.31370202700009,-32.89815273599993],[22.70982018600006,-32.89815273599993],[22.030371793000086,-32.78777831199994],[21.718451706000053,-32.66636644499994],[21.389204690000042,-32.65532900199992],[21.263009054000065,-32.7215536569999],[21.067644590000043,-32.74362854199995],[20.785002030000044,-32.65532900199992],[20.551797350000072,-32.522879692999936],[20.336051945000065,-32.44561759599992],[19.899761511000065,-32.40146782599993],[19.73523948500008,-32.30213084399992],[19.656486811000036,-32.11449432199993],[19.63188859400009,-31.94893268499993],[19.52659877800005,-31.75025872099991],[19.31399213600008,-31.507434986999954],[19.279816793000066,-31.386023119999948],[19.26467958900008,-31.154236828999956],[19.13886946300005,-30.61340214899991],[19.076935266000078,-30.02841769899993],[18.97184505900009,-29.564845115999958]]]}},{"type":"Feature","properties":{"id":"23","n":"Indus Basin"},"geometry":{"type":"Polygon","coordinates":[[[67.30771505300004,27.398351088000084],[67.34508859600004,27.60501340400009],[67.44387087600006,27.777232439000045],[67.55223847300005,27.926488233000043],[67.74223086800004,28.00685694100008],[67.89246354600004,28.018338562000054],[68.05355409500004,28.08722564800007],[68.24137760400004,28.22500087700007],[68.36217397900003,28.362775578000083],[68.77090738700008,28.59240060700006],[68.92412749100004,28.753138022000087],[69.12907742500005,28.833506730000067],[69.33342455700006,28.776100736000046],[69.44532608600008,28.661288222000053],[69.54404325300004,28.615363321000075],[69.72791390000003,28.925356530000045],[69.84822365700006,29.051650666000057],[69.94579667100004,29.32720006800008],[69.98193371500008,29.499419103000037],[70.14279030900008,29.935706448000076],[70.26780585200004,30.073481149000088],[70.38053995300004,30.15384985700007],[70.45214612100006,30.29162455800008],[70.52278953500007,30.601618294000048],[70.48882917200007,30.923093124000047],[70.51035699600004,31.129755440000054],[70.67396990400005,31.359380469000087],[70.81970287400003,31.623449305000065],[70.87852485300004,31.807148907000055],[71.02410027500008,32.11714264300008],[71.15447882200004,32.254917344000035],[71.22179657900006,32.35824876600009],[71.31088536300007,32.70268631000005],[71.39407614400005,32.863423724000086],[71.54146126900008,32.95527352500005],[71.65236501000004,32.909348625000064],[71.75119479100005,32.71416740300009],[71.83038405000008,32.59935488800005],[72.05357480100008,32.56491108100005],[72.20381792300003,32.56491108100005],[72.37981905900006,32.61083598100004],[72.51796082400006,32.668242502000055],[72.72147474900004,32.71416740300009],[73.39419359800007,32.725648496000076],[73.48733212500008,32.81749829700004],[73.56581608700003,32.95527352500005],[73.75211784100003,33.184898554000085],[73.84891286500005,33.13897312700004],[73.97090779100006,33.03564223300009],[74.04350445100005,33.00119842600009],[74.24237194000006,32.97823571200007],[74.35281192200006,32.932310811000036],[74.49275236000005,32.943792432000066],[74.59709632200008,33.02416113900006],[74.69060187100007,32.96675461800004],[74.92385679600005,32.62231760200007],[75.07209742600008,32.56491108100005],[75.62792975900004,32.450098566000065],[75.71094802200008,32.40417366600008],[75.66798766900007,32.09417992900006],[75.72351267600004,31.944924135000065],[75.90187070400003,31.79566781300008],[75.95636695100006,31.589005498000063],[76.08831765100007,31.41678699000005],[76.15253830600005,31.244567954000047],[76.40329324000004,31.003461832000085],[76.62822037100005,30.819762230000038],[75.31520669500003,29.706081419000043],[75.14161827900006,29.774969033000048],[74.91723931800004,29.740525226000045],[74.65022099000004,29.637193805000038],[74.15621069400004,29.54534400400007],[73.96301851400005,29.64867489800008],[73.76270852400006,29.660156518000065],[73.55468561700008,29.637193805000038],[73.36609116500006,29.579787811000074],[73.13224272300005,29.31571897500004],[73.04579891600008,29.166462653000053],[72.77194588100008,28.959800338000036],[72.48880460400005,28.833506730000067],[72.03547859400004,28.730175836000058],[71.60008861300008,28.580919514000072],[71.19739942900003,28.523512993000054],[70.68441165900003,28.385738292000042],[70.44618201100008,28.339813392000053],[70.08895163400007,28.236481970000057],[69.43628415000006,27.570570124000085],[69.23101664400008,27.26057638700007],[69.00749164400008,27.06539516500004],[68.94399351600003,26.70947652800004],[69.03290518000006,26.296151897000072],[69.12401683300004,26.123933389000058],[69.47526120400005,25.825420746000077],[69.57461471500005,25.61875843000007],[69.67084642100008,25.308764694000047],[69.67759302900004,25.10210237800004],[69.62044902600007,24.711739934000036],[69.49798178300006,24.505077619000076],[69.36346358100008,24.401746725000066],[69.33258503100006,24.275452590000043],[69.22720100500004,24.091752988000053],[69.03028397400004,23.91953448000004],[68.90891338000006,23.71287163700009],[68.51281818300004,23.352020097000036],[68.43304490400004,23.429996471000038],[68.40248160000004,23.520554358000084],[68.40832383000009,23.612774483000067],[68.72083021700007,23.81611126900009],[68.74136462800004,23.844165144000044],[68.60998608500006,23.80750203200006],[68.44748081300008,23.72694341500005],[68.38274881500007,23.676107767000076],[68.35720667200007,23.610277171000064],[68.32638366600008,23.58277878100006],[68.17469619300005,23.591664970000068],[68.13943038400004,23.609721685000068],[68.20109534700003,23.66416245000005],[68.19780297200003,23.76668833800005],[68.17664826500004,23.74666658600006],[68.16081423200006,23.751389534000054],[68.18748451300007,23.83166856200006],[68.15803790000007,23.898885499000073],[68.14193779000004,23.74860472000006],[68.15081839600003,23.688050974000078],[68.05414933100008,23.719719463000047],[67.94748390400008,23.80777581800004],[67.85720835200004,23.909997323000084],[67.83804514800005,23.81055482900007],[67.71526882600006,23.78944320700009],[67.63415407400004,23.798888047000048],[67.61442673800008,23.846109080000076],[67.49359037800008,23.890832275000037],[67.51416047100008,23.897498631000076],[67.53803571100008,23.938132437000036],[67.48664740300006,24.045277877000046],[67.45968822900005,24.062743235000084],[67.34999076100007,24.074720203000084],[67.30247163900003,24.17610716100006],[67.28166143800007,24.280832308000072],[67.29081895800005,24.33167059300007],[67.25487391100006,24.441640411000037],[67.39865718000004,24.57396523300008],[67.62242350900004,24.74618374100004],[67.84870946600006,25.113583472000073],[67.93088501800008,25.630239524000046],[67.83848211400004,25.80245803200006],[67.77689369100005,25.997639254000035],[67.75007032500008,26.158376669000063],[67.46366682100006,26.525776927000038],[67.28965207100003,26.606145634000086],[67.25767427500006,26.732439242000055],[67.26932745000005,27.03095135800004],[67.29972958400003,27.203169866000053],[67.30771505300004,27.398351088000084]]]}},{"type":"Feature","properties":{"id":"24","n":"Ganga-Brhamaputra Basin"},"geometry":{"type":"Polygon","coordinates":[[[75.31520669500003,29.706081419000043],[76.62822037100005,30.819762230000038],[76.86690285000003,30.63606210100005],[76.97747268400008,30.59013720100006],[76.95374655300003,30.440880879000076],[77.15354971100004,30.37199326500007],[77.32337738100006,30.291624557000034],[77.82958611900006,29.981631348000064],[78.04621688100008,29.981631348000064],[78.22744129000006,29.947187541000062],[78.27548846000008,29.809412312000063],[78.39958117500004,29.706081419000043],[78.56172007900005,29.648674897000035],[78.76687619400008,29.487937482000063],[78.99386031800003,29.419050396000046],[79.12629783900007,29.407568775000072],[79.34501878100008,29.246831360000044],[79.55841951700006,29.177944273000037],[79.85281412900008,29.10905665900009],[80.17956307800006,29.063131759000044],[80.50625904800006,28.844987823000054],[80.68985715900004,28.764619115000073],[81.02985178200004,28.718694215000085],[81.21071325400004,28.62684441400006],[81.27575135600006,28.500550806000035],[81.50264574700003,28.374257198000066],[81.68070120200008,28.32833177100008],[82.09156549900007,28.064263462000042],[82.16750774000008,27.98389475400006],[82.15864520400004,27.765750818000072],[82.40709053000006,27.673901018000038],[82.64917250200006,27.673901018000038],[83.04437235200004,27.696863731000064],[83.24828673200005,27.765750818000072],[83.60329108100007,27.788713532000088],[84.23559165100005,27.788713532000088],[84.47491189500005,27.834638433000066],[84.60680003800007,27.82315733900009],[84.76574946500006,27.754269725000086],[84.79573212600008,27.650938831000076],[84.34967319000003,27.58205121700007],[84.30241063700004,27.432794895000086],[84.44248134400004,27.398351088000084],[84.84611190100003,27.340945094000062],[85.03422957200007,27.340945094000062],[85.33074457900005,27.22613258000007],[85.65313397600005,27.22613258000007],[85.76364083600004,27.18020767900009],[85.87207260800005,27.06539516500004],[86.07348126000005,27.06539516500004],[86.19281802900008,26.939101557000072],[86.38131436400005,26.881695036000053],[86.64583436800007,26.74392033500004],[86.77999425900003,26.74392033500004],[87.18397517800008,26.870213943000067],[87.43896319100003,26.870213943000067],[87.76407371300007,26.82428904200009],[88.12898948100008,26.835770136000065],[88.34075154900006,26.881695036000053],[88.62785399400008,26.90465775000007],[88.82368627700004,26.939101557000072],[89.12164364400007,26.950582650000058],[89.25884622900003,26.84725175600005],[89.58109143800004,26.789845235000087],[89.85756096200004,26.766883049000057],[90.05336709000005,26.801326328000073],[90.14721161200004,26.85873285000008],[90.66253752600005,26.82428904200009],[91.68508035900004,26.835770136000065],[91.93716979000004,26.766883049000057],[92.28313942900007,26.697995435000053],[92.66944035700004,26.686514341000077],[93.13919852700008,26.74392033500004],[94.03370142300008,27.111320065000086],[94.50252851600004,27.375388902000054],[94.83899334300003,27.536126317000083],[95.03570509600007,27.673901018000038],[95.42878222300004,27.892044954000085],[95.64139745300008,27.98389475400006],[95.78946208000008,27.98389475400006],[95.94924482300007,27.926488233000043],[96.09830871800006,27.777232439000045],[96.07575458500003,27.639457210000046],[96.08494814900007,27.46723870200009],[95.93043110000008,27.283538573000044],[95.66724111700006,27.14576387200009],[95.22919899800007,26.950582650000058],[94.96155881600004,26.789845235000087],[94.05771282100005,26.31911408400009],[93.79503029000006,26.284670804000086],[93.59669905800007,26.296151897000072],[93.35545681500008,26.353557891000037],[93.21625953700004,26.21578319000008],[93.29461583500006,26.032083061000037],[93.26069228900008,25.882826739000052],[93.08875805800005,25.653202237000073],[92.83199669400005,25.64172061700009],[92.51723678200005,25.790976938000085],[91.94935853300007,26.123933389000058],[91.65725794500008,26.135414482000044],[91.34450418000006,26.055045775000053],[91.10975583800007,25.963195974000087],[90.60855596300007,25.997639254000035],[90.30056261700008,25.997639254000035],[90.10299382500006,25.951714353000057],[89.88499116100007,25.687646044000076],[90.06711189600003,25.285802507000085],[90.37216685100003,25.274320886000055],[90.60553494900006,25.239877079000053],[91.02487936100005,25.136546185000043],[91.65553386300007,25.02173367100005],[91.85419858000006,24.872477349000064],[91.88618343000007,24.75766483400008],[91.80078173900006,24.585446326000067],[91.57092953300008,24.42470891100004],[91.40177554200005,24.229527689000065],[91.32005566100008,23.999903187000086],[91.26534385600007,23.770278158000053],[91.22942689000007,23.494728228000042],[91.33721752300005,23.276584292000052],[91.54439235800004,23.09288469100005],[91.46248333700004,22.783406876000072],[91.40886908300007,22.780001690000063],[91.32804667100004,22.740273647000038],[91.22887061800003,22.585553203000075],[91.11192739200004,22.57749628600004],[91.04192895900007,22.591110170000036],[90.96888034700004,22.569720541000038],[90.83359668600008,22.685551710000084],[90.77638324900005,22.765553259000058],[90.72191690000005,22.925553191000063],[90.62387233300007,23.058614440000042],[90.64387716400006,23.208329710000044],[90.62969683200004,23.317499798000085],[90.59359887100004,23.37055369600006],[90.59748747900005,23.45499596500008],[90.63638657100006,23.487775425000052],[90.70138160700003,23.48277499900007],[90.71665127500006,23.544998367000062],[90.69169359200004,23.55140570800006],[90.69108204100007,23.50722481100007],[90.60304705600004,23.48971725100006],[90.55026397100005,23.383887463000065],[90.33471862400006,23.42916139500005],[90.42360242000007,23.326666104000083],[90.58027712200004,23.283887373000084],[90.61248662300005,23.222218963000046],[90.60053698700005,23.125275891000058],[90.57859421300003,23.089999120000073],[90.55802946900008,23.072221994000074],[90.45027045400008,23.07055342700005],[90.44581569500008,23.055833319000044],[90.48165762200006,22.96471994600006],[90.44908254200004,22.765649796000048],[90.58137991800004,22.53444429700005],[90.61692064200008,22.336110574000088],[90.60331516200006,22.274443747000078],[90.56414787200004,22.209720429000072],[90.44052839900007,22.071665084000074],[90.38915711800007,22.095553607000056],[90.40581720800003,22.151661885000067],[90.40138789400004,22.260556604000044],[90.38666344700005,22.20916125100007],[90.39637786800006,22.16416479700007],[90.37108934400004,22.081388985000046],[90.31721213200007,22.00222251100007],[90.27248988400004,21.849164831000053],[90.21137930500004,21.806109149000065],[90.17082323700004,21.79833498700009],[90.11554323300004,21.81222002000004],[90.02192741800008,21.86694195700005],[90.03359460100006,21.952219829000057],[90.15748394200006,22.10332935200006],[90.22470162700006,22.124440975000084],[90.23776079700008,22.19277257600004],[90.09526436800007,22.061667396000075],[90.05247955100003,21.982217640000044],[89.99999517600003,21.99449318900008],[89.99193089100004,22.025342428000044],[90.04221042000006,22.130830379000088],[90.07998223500005,22.15971932900004],[90.03387563500007,22.135275320000062],[89.97946409600007,22.038935739000067],[89.97802453800006,21.971667104000062],[89.93553360200008,21.991663535000043],[89.91110033500007,22.051112640000042],[89.91415613800007,22.14472121500006],[89.87248085300007,22.269445430000076],[89.91609168900004,22.36694187800009],[89.99993884100007,22.483829683000067],[89.90942398800007,22.390274916000067],[89.84109222400008,22.267221377000055],[89.87081896800004,22.101944594000088],[89.84637383000006,21.971660774000043],[89.88471777900003,21.88833158600005],[89.60693176600006,21.712773306000088],[89.58109785300007,21.701661481000087],[89.55303969900007,21.71499735900005],[89.52026245700006,21.81333310100007],[89.57082462900007,21.893332013000077],[89.62082311300003,22.324444847000052],[89.54636714300005,22.20083002000007],[89.58082350000006,22.12555616600008],[89.53887394900005,21.98583014400009],[89.52331771800004,21.990553091000038],[89.52465432700006,22.075218504000077],[89.48719033100008,22.196944258000087],[89.49693155700004,22.26249684700008],[89.47360418800008,22.286944549000054],[89.46165960900004,22.21694068800008],[89.51888203700008,22.06444271400005],[89.51693992500003,21.91305307400006],[89.46608910200007,21.77555479700004],[89.41747521100007,21.712773306000088],[89.38805276100004,21.711386965000088],[89.36747393000007,21.74249416500004],[89.36303988800006,21.829441660000043],[89.38581901000003,21.885832692000065],[89.35470711000005,21.968607976000044],[89.29581792300007,21.761390175000088],[89.29275425800006,21.666666409000072],[89.24914051500008,21.642496186000074],[89.20387723700003,21.650553630000047],[89.21665795400003,21.723608179000053],[89.18996714600007,21.787502224000036],[89.14415078500008,21.784996999000043],[89.09748711700007,21.815831996000043],[89.05693184300003,22.071111708000046],[89.06276151000003,22.12111228100008],[89.04386797700005,22.136385764000067],[89.03776900800005,22.079442939000046],[89.06330999800008,22.014165718000072],[89.06415543700007,21.941664545000037],[89.00555408700006,21.903607179000062],[89.08888455500005,21.628053557000044],[89.00749143200005,21.60000126500006],[88.92082619600006,21.633886949000043],[88.86905966800003,21.624920048000035],[88.82969873300004,21.612811725000086],[88.78442394900003,21.556944528000088],[88.71499128300007,21.559999435000066],[88.68220245400005,21.69610715200008],[88.74132059400006,22.009787246000087],[88.73309985100008,22.04394671600005],[88.71304174000005,22.061946985000077],[88.72445363700007,21.996380152000086],[88.68830930800004,21.934720182000035],[88.63415583500006,21.941384956000036],[88.62303729000007,21.968054601000063],[88.64471428500008,22.121941553000056],[88.68275328900006,22.173886589000062],[88.66774774900006,22.202218471000037],[88.61388157600004,22.100832040000057],[88.62553331900006,22.03694379800004],[88.55692981800007,21.81333310100007],[88.56248819300004,21.766390602000058],[88.60859407500004,21.780553114000043],[88.62858791900004,21.74916315900009],[88.60276821000008,21.611944471000072],[88.57221172600003,21.559999435000066],[88.53826584100005,21.52584998800006],[88.51192765500008,21.52194365200006],[88.49443498700003,21.52416981500005],[88.48331604100008,21.550833130000058],[88.49443361800007,21.58499682000007],[88.51805076100004,21.595278317000066],[88.53193728600007,21.83166940500007],[88.49609532900007,21.950273782000068],[88.47192714200008,21.89138385600006],[88.47442335500006,21.672498217000054],[88.45387333100007,21.615000962000067],[88.39972392600004,21.583334583000067],[88.30859616600003,21.60305406200007],[88.29721902700004,21.772775786000068],[88.26192602600008,21.80000091700009],[88.30831554000008,21.570554191000042],[88.25416509300004,21.54860960400009],[88.19941030400008,21.61166488200007],[88.18137207200004,21.66360939100008],[88.20471088400006,21.71388427700009],[88.20582839300005,21.80138936700007],[88.15498656800008,21.87471981200008],[88.14221005500008,21.94888533200009],[88.14943120800007,21.97972032800004],[88.21582327300007,22.060832321000078],[88.19941682700005,22.15527649800009],[88.14582892400006,22.193607651000036],[88.00748689700004,22.235273300000074],[87.96581801400004,22.297497195000062],[87.93942053800004,22.41277498900007],[87.90776378200007,22.421663815000045],[87.94748603000005,22.269720799000083],[87.98193342000008,22.22305050400007],[88.01471346900007,22.19888397400007],[88.13333712600007,22.17805405100006],[88.17553598600006,22.116387751000048],[88.16499428700007,22.087779972000078],[88.08220946200004,22.018057811000062],[87.97192455400005,21.83944304000005],[87.82943497200006,21.71916271000009],[87.68498162400005,21.647776202000045],[87.46415174800006,21.60944082900005],[87.32916044000007,21.561665892000065],[87.21554418000005,21.55277706600009],[87.11692483700006,21.511388896000085],[87.00109509500004,21.421941980000042],[86.86442693700008,21.254578828000035],[86.75493491100008,21.301810413000055],[86.66586111700008,21.910316265000063],[86.87268356800007,22.69104115400006],[87.01908633800008,22.93214727600008],[87.14349971300004,23.747315444000037],[87.34354744600006,24.05730918100005],[87.54559907900006,24.29841530300007],[87.62599328100004,24.528040333000035],[87.66463144400007,24.74618374100004],[87.65525960000008,24.918402249000053],[87.39220720900005,24.94136496300007],[87.18512516900006,24.67729612700009],[86.97151421200005,24.67729612700009],[86.78942632100006,24.78062754800004],[86.65432226200005,24.99877095700009],[86.45873326300006,25.090621285000054],[86.22075408600006,24.964327677000085],[85.95027663200005,24.562484140000038],[85.61805386700007,24.493596525000044],[85.36251321300006,24.482115432000057],[85.05678089100007,24.332859110000072],[84.81829069400004,24.263971496000067],[84.55343774000005,24.275452589000054],[84.16483830400006,24.344340204000048],[84.03549451600003,24.447671625000055],[83.89863010700003,24.585446326000067],[83.78879513900006,24.803590262000057],[83.25638474300007,25.044696385000066],[82.61258686500008,25.10210237800004],[81.81083115300004,25.10210237800004],[81.14222332200006,25.170989992000045],[80.54081088800007,25.170989992000045],[80.40020538300007,25.205433800000037],[80.20776351100005,25.32024578700009],[80.01796756300007,25.37765230800005],[79.39166036600005,25.389133401000038],[79.23280680500005,25.469502108000086],[78.96143093000006,25.733570945000054],[78.78311915400008,25.710608231000037],[78.56729729300008,25.630239523000057],[78.38693849000003,25.595795716000055],[78.18626811200005,25.595795716000055],[77.98288758900003,25.653202237000073],[77.83898016900008,25.813939652000045],[78.02161549800007,26.755401428000084],[78.03526905100006,27.088357879000057],[77.79681747400008,27.559088503000055],[77.61063640600008,27.696863731000064],[77.52365958500008,27.98389475400006],[77.49145374900007,28.638325507000047],[77.30672217700004,29.017206858000065],[77.07584161600005,29.18942536600008],[76.78839092800007,29.35016278100005],[76.65261164600008,29.464975296000034],[76.24644084500005,29.579787811000074],[76.14329579600007,29.660156518000065],[75.97807653500007,29.706081419000043],[75.78868515200008,29.706081419000043],[75.61841935400008,29.67163761100005],[75.51020723300007,29.67163761100005],[75.31520669500003,29.706081419000043]]]}},{"type":"Feature","properties":{"id":"25","n":"West Sibiria Artesian Basin"},"geometry":{"type":"Polygon","coordinates":[[[60.65002620700005,64.44549670400005],[60.842741155000056,64.63972114800004],[61.055704191000075,64.73693661600004],[61.36244048700007,64.81652788100007],[61.84437858800004,64.87846419600004],[62.368545200000085,65.23404672100008],[62.56884946900004,65.44828386400008],[63.095825210000044,65.79732475300005],[63.88869233500003,65.99471769700006],[64.21590062100006,66.09354970400005],[64.90793102600009,66.40861972800008],[65.90967502400008,67.09597207700006],[66.18905905800005,67.25032822500003],[67.00126471300007,67.60528633800004],[67.80160024100007,67.99802943200007],[67.97480018800007,68.09873277300005],[68.15039419800007,68.41363423400009],[68.26054398000008,68.33472541800006],[68.20082032300007,68.29470993000007],[68.18525799600008,68.23609872500003],[68.26499620300007,68.18748507600003],[68.29887266300005,68.18858528100003],[68.43636852400004,68.22499072100004],[68.58055033200003,68.31275931800008],[68.58137633000007,68.33221525300007],[68.55581689200005,68.35609676600006],[68.56303521100006,68.36943141700004],[68.89776231000008,68.60747880600007],[69.11137667400004,68.86638136000005],[68.98331979000005,68.87498174500007],[68.94386206900003,68.89804040500007],[69.10942200700003,68.91470499400003],[69.22025853600007,68.95721640800008],[69.02165327900008,68.96415921700003],[68.78498847600008,68.91081211600005],[68.65525754900005,68.92164561400006],[68.45971704000004,68.97804309600008],[68.35775668500008,69.07971054100005],[68.24609635500008,69.13638355300003],[68.04748870200007,69.28138164100005],[68.02137707900005,69.34360552300006],[68.09942632700006,69.40109018800007],[68.10164887300004,69.54664225500005],[68.06580867900004,69.55192230000006],[68.00722220100005,69.51860225600007],[68.03804264800004,69.48887697600009],[67.94802960300007,69.48665919800004],[67.78610050900005,69.51666145800004],[67.61304297600003,69.59166441400004],[67.47526163400005,69.62191643900007],[67.35108689000003,69.62109342800005],[67.00054946300008,69.69970706500004],[66.97082548000003,69.69386399000007],[66.91720674100009,69.62886586600007],[66.95027138500006,69.52887272800007],[66.91609035900007,69.52526716800008],[66.79193674900006,69.58027788100009],[66.76721347400007,69.75722498100004],[66.87330827800008,70.00111007200007],[66.92082536800007,70.03998137800005],[66.98304852700005,70.05470616100007],[67.00471386800007,70.02415830800004],[66.96305117800006,69.99443655500005],[66.99193568300007,69.95833333300004],[67.17553296100004,69.98776043500004],[67.24859234700006,70.01554677300004],[67.32777792700006,70.09749123600005],[67.25582769700009,70.18803837600007],[67.24414017000004,70.18192800800006],[67.26499685500005,70.14664858800006],[67.23830545300007,70.14110262400004],[67.08804814300004,70.21721288300006],[67.25942866500003,70.46138153900006],[67.20887964200006,70.52666146200005],[67.28442692900006,70.67053503900007],[67.33610476600006,70.71832737700004],[67.33970483900004,70.75027267800004],[67.32138234500007,70.78082595000006],[67.25860943100008,70.81470814700003],[67.10720579200006,70.83527032600006],[67.00804053800005,70.80497951300003],[66.68886884100004,70.76053999000004],[66.61276073600004,70.86193012400008],[66.61581182600008,70.88749444400008],[66.76415604200008,70.94720890100007],[66.83387520300005,71.00248696800008],[66.89166434200007,71.07748594500003],[66.81248938400006,71.09748755900006],[66.74304009900004,71.05331008100006],[66.77388062800009,71.01748142300005],[66.75471548300004,71.00471686200007],[66.66192352500008,71.00360158700005],[66.62025162700007,71.01971172300006],[66.61609350600008,71.03859316000006],[66.64137248800006,71.07193558000006],[66.81137292900007,71.16389016100004],[66.91554498500005,71.29275411400005],[67.08581895300006,71.30386517000005],[67.36692671200007,71.35859846200003],[67.96886780900007,71.54053833600005],[68.31330750500007,71.71609613400005],[68.46554038800008,71.81889142000006],[68.50027349400006,71.88361926500005],[68.65304045400006,72.07249159300005],[68.95887880000004,72.62665654000006],[68.97665849800006,72.69582650800004],[69.22498893200003,72.79443429100007],[69.31053206600006,72.87942974200007],[69.30247625000004,72.92249766000003],[69.33388263500007,72.94886849600005],[69.53053954100005,72.97469637200004],[69.79552604800006,72.95832490700008],[69.78360126700005,72.93414512900006],[69.56218628100004,72.91469774600006],[69.54860467500004,72.90166217300003],[69.56303745600007,72.88388413300004],[69.64832783600008,72.87441679800008],[70.24497419900007,72.89999047600008],[70.75749959000007,72.88472505700008],[70.97720464400004,72.90776928000008],[71.53858977700008,72.91137287400005],[72.00638105300004,72.83221498800003],[71.81581350600004,72.80998207800008],[71.88026225100003,72.79664370600005],[72.07221686100007,72.82499342000006],[72.54470476600005,72.76361691000005],[72.83333266400007,72.70860821600007],[72.81109231400006,72.64971663300008],[72.73248212900006,72.61859559600003],[72.72360653600003,72.59972296900008],[72.79192555600008,72.46998999200008],[72.79887350900003,72.38998022200008],[72.88192747400007,72.28138318200007],[72.73664753200006,72.19582292400008],[72.56805893400008,72.00972288900005],[72.51889363300006,71.91119535400009],[72.33444074900007,71.85282978900005],[72.31388765800006,71.81474317300007],[72.35415827900005,71.75976323600008],[72.36192211500008,71.71029544600003],[72.19247717000007,71.60026649800005],[71.95138678300003,71.56303582900006],[71.85054263400008,71.53138328200004],[71.81553475800007,71.51110852700003],[71.80247836600006,71.47249184100008],[71.84610296800008,71.42443584300008],[72.05636172400006,71.30219645400007],[72.34275604200008,71.20776345700006],[72.59109069400006,71.15525740100009],[72.65109402100006,71.12026493800005],[72.67747072800006,71.08997756100007],[72.61553627300003,71.01886998500004],[72.81442175800004,70.89525931900005],[72.84053949200006,70.86525936600003],[72.77331425100004,70.72470165100003],[72.68081532100007,70.61469994500004],[72.69941131200005,70.58414936300005],[72.77303832400008,70.53692079300004],[72.77804856000006,70.41804904700007],[72.68831329800008,70.40693963000007],[72.54054839300005,70.35054493000007],[72.43248487100004,70.28942702300003],[72.42470374700008,70.27026995700004],[72.45804094800008,70.24026328900004],[72.61442446800004,70.17776435500008],[72.62082107600008,70.14916510500007],[72.56805041700005,70.09026546500007],[72.48553631700008,70.04275633200007],[72.52832397600008,69.97554308200006],[72.65442976200006,69.89915880300003],[72.68637480700005,69.84972602700003],[72.65304665500008,69.74775662400003],[72.50166138500003,69.64610718700004],[72.59276310300004,69.56165061800004],[72.63387610000007,69.47498782100007],[72.62247777100004,69.34193448600007],[72.58027864300004,69.25665072400005],[72.50526515100006,69.21554861400006],[72.47276131800004,69.15027090000007],[72.55386164300006,68.97666341600006],[72.64137245900008,68.88554556800005],[72.72026045100006,68.84388007100006],[72.89137475100006,68.78166325800004],[73.09526046400003,68.73442083600008],[73.30692816000004,68.64803954700005],[73.51332389000004,68.58693907000008],[73.62969735200005,68.52053986300007],[73.65277229200007,68.48969976900008],[73.64137318600007,68.44470332200007],[73.59694365600006,68.43165623800007],[73.58804552400005,68.45027371300006],[73.60637040400007,68.48275904300004],[73.59414514100007,68.48858711200006],[73.52720540600006,68.47526469000007],[73.44941281500007,68.43525728300006],[73.40860480800006,68.36388016900008],[73.09804125200003,68.21693406400004],[73.07277263700007,68.08888249400007],[73.19275202500006,67.98610148000006],[73.20721682000004,67.85942050900007],[73.18247905500004,67.84054533000005],[73.08332771800008,67.82804802400005],[73.04081380800005,67.72415240700008],[72.89137539000006,67.68580866900004],[72.89471348300003,67.65415867500008],[72.85998264300008,67.63581733700005],[72.61331380300004,67.62220728200003],[72.55608655400005,67.60166100800006],[72.53915252000007,67.58166751300007],[72.54275274400004,67.51804906700005],[72.39498856700004,67.47026983900008],[72.45220894000005,67.39637634400003],[72.39942645300005,67.32360571700008],[72.27221930700006,67.30720338000003],[72.18609717500004,67.32721167300008],[72.04054229000008,67.29694568400004],[72.03887925400005,67.26220534700008],[72.20193458800009,67.22970293600008],[72.23109500700008,67.16053902000004],[72.18887127200009,67.14833149800006],[72.12052944800007,67.17581004000004],[72.00637480100005,67.13275072100004],[72.00471057300007,67.05970719800007],[71.77443385000004,66.94552664100007],[71.56109601500003,66.92886001300008],[71.41026212500003,66.96693232600006],[71.40471212100005,66.92692400800007],[71.51582195800006,66.75971892100006],[71.59804052900006,66.71943885400003],[71.59942439600007,66.68748292600003],[71.55859191000008,66.64526186400008],[71.06666483100008,66.62693143200005],[71.04387174100003,66.59998788300004],[71.09221091700005,66.58804467400006],[70.98248418300005,66.53414851800005],[70.69498026100007,66.50804688500006],[70.32748290100005,66.58110137400007],[70.29498315100005,66.59832726300004],[70.29136250600004,66.62386914400008],[70.31694347400008,66.64999408500006],[70.60053649500009,66.68887890800005],[70.74108797800005,66.73831250900008],[70.73081882100007,66.75722245600008],[70.56972220400007,66.75277853900008],[70.54026396900008,66.74443211500005],[70.51110270000004,66.69386078100007],[70.32249848700008,66.67720093800006],[70.14999359800004,66.71054152000005],[69.96775807000006,66.81470779800009],[69.89193671200007,66.83193828000003],[69.61886442500008,66.78858848500005],[69.38970550500005,66.82748209800008],[69.16249554300003,66.83055387500008],[68.96775481600008,66.80415217600006],[68.99414018800007,66.78166088800003],[69.07860067900003,66.77581821300004],[69.11219657900006,66.75860591400004],[69.09748683600003,66.63499368000004],[69.11747519300008,66.60415539600007],[69.38610790600006,66.50749868900004],[69.74274761200007,66.47442571900007],[69.99525305000003,66.40054314300005],[70.37580730700006,66.33166607300006],[70.97387570800004,66.36692760700004],[71.46192890100008,66.34721412300007],[71.71581878300003,66.30720461000004],[71.83055138300006,66.23109590100006],[71.93636799500007,66.24832168700004],[72.00000016400008,66.21943902700008],[72.21331886100006,66.28055566800003],[72.35026556100007,66.30164789600008],[72.38804848000007,66.35498230000007],[72.39553875000007,66.41304122400004],[72.36276550700006,66.45637404700005],[72.35470736300005,66.53276795200009],[72.47414683300008,66.60415539600007],[72.94303898300006,66.65610438200008],[72.99552350700003,66.69693727100008],[72.98498713400005,66.72192589500008],[73.00360070000005,66.73553697800008],[73.51554904900007,66.82860559500006],[73.61554285100004,66.90887547000005],[73.84720873800006,66.98109340700006],[73.91859301200003,67.06944185700007],[73.95165813300008,67.21748320800003],[73.90220710000006,67.28499005000003],[73.90887287500004,67.29803178900005],[74.08388125600004,67.42470588100008],[74.73997521300004,67.69164966900007],[74.79386897500007,67.78859040000003],[74.82082999600004,67.93636911600004],[74.73165663000003,68.14305141600005],[74.60720949300008,68.24664138900005],[74.37164197600003,68.34998721400007],[74.33276826900004,68.38026636400008],[74.46026611900004,68.50556121200003],[74.46582184100004,68.54443488200008],[74.41229327800005,68.61212029200004],[74.44359117600004,68.68276434200004],[74.49581867100005,68.72249087000006],[74.64054808200007,68.76914927500007],[75.46638587100006,68.89860606600007],[76.09942468400004,68.97248770300007],[76.32527095200004,68.98581091500006],[76.59166522700008,68.96833085800006],[76.70027077200007,68.86998734500008],[76.69413750100006,68.84443610000005],[76.62082426200004,68.80497655300007],[76.61608551800003,68.79220338800008],[76.64137679300006,68.76776300300008],[77.19859263400008,68.58442724200006],[77.32442949300008,68.51693590300005],[77.30358697200006,68.37886660400005],[77.24859054400008,68.33360076200006],[77.18220572800004,68.32083258200004],[77.16220372200007,68.29498433100008],[77.18914935200007,68.26332148900008],[77.36110106400008,68.23165885000003],[77.18996697300008,67.98776039000006],[77.19609448900007,67.96888086700005],[77.29414519900007,67.92164708900003],[77.30359034800006,67.90277008600003],[77.21748835100004,67.82499916100005],[77.16692638700005,67.82527234600008],[77.14665066600008,67.85026222600004],[77.08581663700005,67.82998629200006],[77.07026910700006,67.80998244700004],[77.09193875600005,67.77859622300008],[77.67276061600006,67.61165701100003],[77.78553474800003,67.56191645400008],[77.95109348200003,67.56609337000003],[77.98359088300003,67.54498040500005],[78.05193306300004,67.54054600900008],[78.24664105700003,67.58166751300007],[78.35609785300005,67.55026378900004],[78.48888150100004,67.55108984100008],[78.58249081900004,67.57887919600006],[78.73081966500007,67.59109308600006],[78.93304684400005,67.55693266800006],[79.04484479600006,67.56715454100004],[79.00277874500006,67.59832757400005],[78.84887953700007,67.64832958800008],[78.71581946600008,67.64803838800003],[78.65276498900005,67.61026737300006],[78.58720018300005,67.60053918500006],[78.46443698800005,67.63053893300008],[78.59109702800004,67.62859014500003],[78.61943076600005,67.64665258300005],[78.59776193500005,67.66526856600007],[78.45915764400007,67.68498218500008],[78.10359372400006,67.65721187100007],[77.88164968900008,67.72943115200007],[77.76250133300005,67.74526341800004],[77.66859075600007,67.72303853100004],[77.60138070400006,67.72581646500004],[77.46249033700008,67.76220369200007],[77.47165697600008,67.98915065700004],[77.50304694400006,68.09136772100004],[77.55859315700008,68.14387282100006],[77.72554353500004,68.21887946500004],[78.14888513700004,68.25194128800007],[78.17470387700007,68.26499899500004],[78.08888683700008,68.35832859400006],[77.96192315300004,68.38889284200008],[77.93525827200006,68.43915679600008],[77.93498395200004,68.46943735800005],[77.95305396200007,68.48858711200006],[77.93636828900003,68.51361634800008],[77.88639092800008,68.52665868200006],[77.80247572300004,68.50999338500003],[77.77360151500005,68.51943619100007],[77.71277433100005,68.61442775300003],[77.74887592500005,68.68304410700006],[77.69219993200005,68.87109470000007],[77.63499767900004,68.90776981600004],[77.40832204400004,68.92637576700008],[77.21388180000008,68.98275708800008],[76.91110748200003,69.01054470300005],[76.81192309500005,69.09637592900003],[76.71747924400006,69.13220085000006],[76.60859405700006,69.14860294700009],[76.53831153100003,69.12692822200006],[76.37359689800007,69.14749765400006],[76.03719615200004,69.23720356700005],[75.82609047400007,69.22804409700007],[75.58859867300004,69.25915430900005],[75.48332276200006,69.25359836900003],[75.14387164000004,69.15664570900003],[75.14860748200005,69.10775732300004],[74.74941988300003,69.07887743500004],[74.49192787200008,69.13081476900004],[74.33665394100007,69.14193827100007],[74.19108879800007,69.13638355300003],[73.97831410000003,69.07554507600008],[73.92553477100006,69.07361185700006],[73.74942270200006,69.16804302100007],[73.75416352400003,69.19999820600003],[73.87915357200006,69.35582035600004],[73.89443663500003,69.42581209400004],[73.84582073300004,69.49332207200007],[73.77025670700004,69.55358666900008],[73.64109686200004,69.62163980100007],[73.54443389900007,69.69999395400004],[73.51693874400007,69.73026802000004],[73.51638548200003,69.75555735700004],[73.64999488400008,69.87637751900007],[73.76304344800008,70.06748854800009],[73.75887907400005,70.10497949100005],[73.68997081600008,70.12525968400007],[73.69136210300007,70.14415117800007],[73.90609906700007,70.26443432000008],[74.00694317500006,70.29943396400006],[74.04914927500005,70.33221741900007],[74.06387065000007,70.37026437000003],[74.20610660400007,70.43803663700004],[74.30998202200004,70.51110473200004],[74.34026835800006,70.57442935000006],[74.31498835000008,70.67360312500006],[74.24999627900007,70.71526721000004],[73.93414466200005,70.84221018000005],[73.91137944800005,70.87887143100005],[73.91638547200006,70.92276903200008],[73.89776383000003,70.96415750300008],[73.72608895900004,71.04553092800006],[73.62220558600006,71.18525537400006],[73.52666418400008,71.26305054400007],[73.33998364300004,71.33109886600005],[73.04359058600005,71.39777007100008],[73.01526939600006,71.42164434500006],[73.32916258500006,71.56360696100006],[73.50330410600003,71.66275982100007],[73.52525382500005,71.71331405400008],[73.46691467600004,71.76720617800004],[73.53218830300005,71.81914842700007],[73.73412904100007,71.86913707100007],[74.49293597900004,71.99430800900006],[74.81388227200006,72.06582326100005],[74.97443262900003,72.12220996900004],[75.09109623300003,72.23637250700006],[75.10859719100006,72.39776932300003],[75.04109232100006,72.62580849700004],[74.95582881000007,72.69803322000007],[74.80054097100003,72.78055868800004],[74.81025491600008,72.82998427600006],[74.98553114600008,72.87831929900005],[75.04803136800007,72.87859018500006],[75.36026184100007,72.80525261700006],[75.53110002700004,72.74193330700007],[75.37746766400005,72.68275631200004],[75.64915488100007,72.59221306100005],[75.71582407100004,72.55663840400007],[75.67887013500007,72.54109889100005],[75.57471153300008,72.53943465700007],[75.55108487800004,72.48942958000004],[75.66858567000008,72.31999735100004],[75.76277499300005,72.29999213900004],[75.74636342700006,72.26859855400005],[75.58749489000007,72.20942935100004],[75.51138939300006,72.14583131000006],[75.41887430100007,72.03166743600008],[75.43969564200006,71.98277633500004],[75.40054838100008,71.96472440000008],[75.28414619100005,71.95167245200008],[75.22359714700008,71.84445039700006],[75.21470557800006,71.78832506000003],[75.26331492000008,71.74026019200005],[75.47192868400003,71.67443434000006],[75.50166634400006,71.65026908800007],[75.49859652100008,71.52388246300006],[75.44108919800004,71.45776851200003],[75.23970350900004,71.45139579900007],[75.22886610500007,71.38889693300007],[75.24192852900006,71.37608416300003],[75.44970757800007,71.30832210900007],[75.79166340400008,71.25610467100006],[76.11637940700007,71.22026525900003],[76.41693199400004,71.20360625100005],[76.64694838100007,71.20943025400004],[76.84359420300007,71.18857781000008],[76.88053882100007,71.15583533000006],[76.91581957200003,71.06972246600003],[76.96193262600008,71.11026588600004],[76.92997498300008,71.15914694300005],[76.99498384000003,71.18165814800005],[77.68970625500003,71.15583533000006],[77.86192758800007,71.10775909300008],[77.88832131800007,71.08332988600006],[77.89027565200007,71.01499668800005],[77.94581790300003,70.97221344400003],[78.04387411500005,70.95139223800004],[78.27415167400005,70.93719114900006],[78.43608897400003,70.88581495600005],[78.55026569600005,70.91693583900008],[78.95636608700005,70.92137184500007],[79.04971393200003,70.93970299800003],[79.11275789100006,71.00248696800008],[79.07693120300007,71.01943734000008],[78.88360627700007,71.00526424900005],[78.89081810100004,70.96914320100007],[78.79859714500003,70.94081740800004],[78.72331634800008,70.93249108400005],[78.58692812500004,70.96220290000008],[78.44080982600008,70.91053709100004],[78.42719547800004,70.92914951900008],[78.43942660900007,70.95415818800006],[78.55443261900007,71.04860338100008],[78.52387999400008,71.09860346600004],[78.49582821600006,71.11053993100006],[78.34832140900005,71.09387428100007],[78.49999984200008,71.04109784600007],[78.44331956300005,71.03554031700008],[78.38499695400003,71.04470880500008],[78.23136842600007,71.10971715700003],[78.29330935200005,71.16637875800006],[78.31497884700008,71.20999892600008],[78.29027011400007,71.25305337900005],[78.09498695600007,71.27026193800003],[77.93109264600008,71.25556461100007],[77.90387443300006,71.31110009800005],[78.00333265500007,71.34721480400003],[78.00860861200005,71.36581826500003],[77.97249303400008,71.37387378000005],[77.74386470500008,71.31971967000004],[77.48221456000005,71.31192489200004],[77.52276907400005,71.30026274100004],[77.51165437700007,71.29749476700005],[77.19802971500008,71.36526782600004],[77.10998535500005,71.42443584300008],[76.99358431500008,71.42221449100003],[76.73137391100005,71.46000049700007],[76.55386530600003,71.52693418400008],[76.27053124100007,71.57165228000008],[76.24693861700007,71.58970646800003],[76.27110486300006,71.63998810200007],[76.04802745000006,71.88415312500007],[76.09749283900004,71.92859300200007],[76.36420518500006,72.00020746600006],[76.89775753000004,72.05108136500007],[77.21027268800003,71.96166663100007],[77.46499791800005,71.85664448200004],[77.56025041700008,71.83220828200007],[77.75915913500006,71.82554990300008],[78.12390261900003,71.88004042400007],[78.18223329900007,71.90476770200007],[78.22946266400004,71.96726733300005],[78.11415574500006,72.05192340900004],[78.01582855100008,72.09999345200004],[77.91248991700007,72.11832367000005],[77.81248124000007,72.11553755400007],[77.48831048300008,72.06248443100003],[77.40609828900006,72.07471124500006],[77.36997863200008,72.09887352900006],[77.46442534200008,72.21554417300007],[77.52443196400003,72.21887954800007],[77.66248993900007,72.18664333800007],[77.75471548300004,72.21638792500005],[77.78194276100004,72.24748340000008],[77.92526139300008,72.31581301600005],[78.08998727200003,72.35387732300006],[78.25942701200006,72.36080856000007],[78.32887091300006,72.38637898600007],[78.42970604100003,72.39248697000005],[78.50016015400007,72.37733748600004],[78.49775245900008,72.40192790300006],[78.53804038200008,72.40358996100008],[78.84610316400006,72.37359732600004],[79.29609203900003,72.38108694600004],[79.47970302600004,72.36774951600006],[79.80304966600005,72.25556731300009],[80.10887922500007,72.18692167000006],[80.82610023100005,72.08693990100005],[80.85415756300006,72.06832974700006],[80.83859486900008,72.03137990100004],[80.76026653400004,72.04438492800006],[80.80998215200003,72.07443394800003],[80.79026216600005,72.07693095800005],[80.67025839300004,72.06806221200003],[80.62664859900008,72.04971411700006],[80.65109301500007,72.03110275100005],[81.24494722500003,71.85434204400008],[81.26869163200007,71.83535054700008],[81.25646909900007,71.80480649300006],[81.29922234900005,71.77362298500003],[81.65303579200008,71.70803592700008],[82.13822030000006,71.70038118000008],[82.81316733400007,71.77917194500003],[82.91127179800003,71.77141153000008],[82.98657569200003,71.72893191400004],[83.26164711500007,71.72108834000005],[83.32081971900004,71.68330878900008],[83.31497146500004,71.66497802500004],[83.16912980600006,71.57348462700008],[83.03049766000004,71.55478422200008],[83.01383176100006,71.54254612100004],[82.98661557300005,71.44995027700008],[82.85772687200006,71.39308286300007],[82.38693615600005,71.30248143300008],[82.25748386800007,71.25971480600003],[82.28359570400005,71.17276853600004],[82.33553936200008,71.13527125600007],[82.35525116800005,71.07943366500007],[82.19470088900005,71.00110765700003],[82.24887152500008,70.93858924400007],[82.30080663600006,70.91361411300005],[82.41442715500006,70.77110258800008],[82.20998666800006,70.67915610100005],[82.08110150000005,70.56776443900003],[82.16887536500008,70.43664762300006],[82.23192898600007,70.28055542600003],[82.34609976200005,70.19859486100006],[82.35053948800004,70.21499460100006],[82.26137500700008,70.35247558200007],[82.16026817200003,70.57748430700008],[82.44275491500008,70.60942368200006],[82.48388103400004,70.70167252500005],[82.48888088500007,70.81806490000008],[82.58581945200007,70.91416153600005],[82.66387786700005,70.94720890100007],[82.75638300800006,70.96249567100006],[82.89582880600005,70.94413959000008],[83.11886738800007,70.88749444400008],[83.14860545100004,70.83749569800005],[83.13192722100007,70.77553906500003],[82.99386788400005,70.56526388100008],[83.05581651600005,70.49748495600005],[83.01609407100005,70.42303053600006],[82.65914707400003,70.25526495100007],[82.64332503200006,70.23665808600003],[82.63915924000008,70.17443345600003],[83.07165875300007,70.06331160700006],[83.17979026600005,70.08563224800008],[83.19358627200006,70.12330513300003],[83.13053820000005,70.20803920300006],[82.95166571700008,70.32054801200007],[83.01581986800005,70.33276037000007],[83.33499771900006,70.31080992900007],[83.53166116100005,70.33915398000005],[83.77110608900006,70.46914531800007],[83.76304512300004,70.54220135800006],[83.59664305900003,70.70332911000008],[83.49247925400005,70.88943831400007],[83.39526430700005,71.01332421400008],[83.25887934100007,71.11109829100008],[83.14833614900004,71.23610296600003],[83.29721789800004,71.30165673300007],[83.36859160400007,71.35664346300007],[83.37776616900004,71.46249874200004],[83.52442898500004,71.48665753700004],[83.57721087900006,71.51332261900006],[83.63081660500006,71.56526100700006],[83.62248094500006,71.63081221200008],[83.51610933200004,71.70305486200004],[83.37885821000003,71.82748637000003],[83.14662601200007,71.87639242200004],[82.80449662800004,71.89839952500006],[82.73307765300007,71.88698056500004],[82.63007168900003,71.92274735100006],[82.57609778500006,71.96855407000004],[82.47081969300007,72.01526784800006],[82.31415250300006,72.06276168700003],[82.26471724300006,72.10999549300004],[82.30693360500004,72.13136212300003],[82.30054023200006,72.21138474300005],[82.19247086900003,72.28305188200005],[82.13181507000007,72.26986989500006],[81.72303506900005,72.33415235000007],[81.21388016700007,72.35470296600005],[80.82943248100008,72.46998999200008],[80.70387137100005,72.53858753100008],[80.70915520800008,72.55358761900004],[80.77554104300003,72.56887994200008],[80.83166617900008,72.61581181800005],[80.67886740000006,72.64750077800005],[80.62609012300004,72.71166487000005],[80.64304046700005,72.73969527300005],[80.76138203200003,72.79517232100005],[80.89832831100006,72.78244448600003],[81.33892055700005,72.84356525700008],[82.90539389600008,72.84356525700008],[83.26912154000007,72.82402245900005],[83.29033264300006,72.72637956300008],[83.26566751700005,72.49251795300006],[83.36448751900008,72.39527511200004],[83.68519047800004,72.22053187900008],[83.96979334700006,72.20113920400007],[84.32630789600006,72.20113920400007],[84.60217207700003,72.22053187900008],[84.79313588200006,72.16236775800007],[84.86578103200003,71.94945508100005],[85.00225092000005,71.79495880800005],[84.98015661200003,71.56376190200007],[85.08127253400005,71.35240435900005],[85.00749343100006,71.14159050200004],[85.11591437300007,70.91222691600007],[85.30058202700008,70.77872587100006],[85.50608003300005,70.37951223600004],[85.47423885200004,70.13334022300006],[85.72220642200006,69.49554260100007],[85.81322330800003,69.21574277500008],[85.82629502300006,68.80671719700007],[85.98000165300004,68.63984665700008],[86.16364703000005,68.52874644300005],[86.26388081600004,68.23305028900006],[86.28619899900008,67.95658469200004],[86.51420768300005,67.71756343400006],[86.58187071100008,67.38749642300007],[86.67510646200003,67.05844908800003],[86.90640473000008,66.74860996900009],[87.15912496000004,66.51227736200008],[87.53309096800007,66.20400955700006],[87.89313840200003,65.93273948400008],[87.97910063600006,65.44616319300007],[87.78618984700006,65.08713909000005],[87.48782433500003,64.71267442800007],[87.40042562300005,64.23323622800007],[87.23632448900008,63.89685333300008],[86.98961207900004,63.49074798000004],[87.12447252700008,63.22653808200005],[87.27681732600007,63.13858003100006],[87.73431450000004,62.980396033000034],[88.27350207200004,62.734689804000084],[88.54440603200004,62.471914138000045],[89.01270802700003,62.22710336600005],[89.37484769300005,62.06995158800004],[89.70703986500007,61.982721395000056],[89.78118260800005,61.99720408700006],[90.05163166700004,61.603604345000065],[89.83790683100005,61.08117954900007],[90.34796678800006,60.19007966700008],[92.42959516200006,58.33700739600005],[93.11669696200005,57.75409065300005],[93.30025447400004,57.56025225800005],[93.19793703500005,57.514346584000066],[92.66272108700008,56.90232909800005],[92.40366263200008,56.76846470400005],[92.09348064300008,56.54279270400008],[91.84601293300005,56.434235957000055],[91.41952244800007,56.342430970000066],[91.10697906400003,56.36746408700009],[90.77467809100006,56.36746408700009],[90.12627157300005,56.20897929000006],[88.72628380700007,56.18396801700004],[88.13822240800005,56.00065714200008],[87.78113933900005,55.80921136100005],[87.51140457400004,55.934044449000055],[87.35099386300004,56.03397264200004],[87.12806821600003,56.25067240300007],[86.54336331600007,56.643056666000064],[86.21743038100004,56.60962918100006],[85.94194283700006,56.54279270400008],[85.35642049500007,56.59291775100007],[85.09063480200007,56.50938370500006],[84.66336668900004,56.29237509300003],[84.03457247000006,55.92571957800004],[83.74067087000003,55.61796674700008],[83.29337484700005,54.97923959600007],[83.08931903700005,54.74824769300005],[82.64270873700008,54.361000438000076],[82.65693236000004,54.196399727000085],[82.80463848900007,54.07302161500007],[83.21737679100005,53.875745496000036],[84.10525447200007,54.00724530000008],[84.39140579600007,53.94970547400004],[84.44251606100005,53.810021978000066],[84.47644535100005,53.629372861000036],[84.56883605800004,53.45705875600004],[84.83878967000004,53.129174704000036],[84.98322191900007,52.92446850600004],[85.05482725700006,52.70357646000008],[84.86163903600004,52.442034137000064],[84.66651197900006,52.25422142500008],[84.33857323300003,52.11549494600007],[83.99645999400008,52.03392745000008],[83.64471362500007,52.050238799000056],[83.30842778600004,52.009462442000086],[82.91019091700008,52.00130797600008],[82.33220963300005,51.870873035000045],[81.87959879800007,51.74050673900007],[81.54395331100005,51.51253057300005],[81.13085274800005,51.20346904000007],[80.94461023800005,50.95974447400005],[80.64507193800006,50.65947949400004],[80.49284334400005,50.432492480000064],[80.18706266800007,50.23809664600009],[79.79546888100003,50.213807822000035],[78.32405827300005,50.448698980000074],[77.73758089700004,50.64325927200008],[77.13879469000005,50.78116486400006],[76.74549570900007,50.97598534400004],[76.43973050700004,51.162831673000085],[76.15417604900006,51.20346904000007],[75.31430031000008,51.22785465100009],[75.05091135300006,51.30915732100004],[74.84416121900006,51.45556926000006],[74.77119671500003,51.748652623000055],[74.60393712400008,52.00130797600008],[74.34965591500008,52.246058890000086],[73.92473375100008,52.48288187700007],[73.70162142300006,52.72811026000005],[72.81092670400005,53.24388447900009],[72.20531865600003,53.49807498000007],[71.71377910600006,53.752528314000074],[71.22425280900006,53.95792462400004],[70.37957841100007,54.36923337400003],[70.13325358000003,54.525711708000074],[69.86841873200007,54.63283342700004],[69.48614725900006,54.665803382000036],[69.10022500200006,54.92972297100005],[68.68142099300007,54.937975046000076],[68.19867527400004,54.87196623900007],[67.87639860000007,54.78948026100005],[67.38177834000004,54.756493651000085],[66.78349433000005,54.57514668200008],[66.35790338100009,54.492760599000064],[65.89069082300006,54.46805017400004],[65.38636075200003,54.393933840000045],[64.03908545100006,53.95792462400004],[63.66209398400008,53.81823645700007],[63.35761183100004,53.73610402300005],[62.93409309900005,53.686837730000036],[62.763986067000076,53.78538019000007],[62.85688513800005,54.171719143000075],[62.864775214000076,54.41040220000008],[62.80782565800007,54.624591631000044],[62.77942216200006,54.87196623900007],[62.846449557000085,55.12001007900005],[62.72611881100005,55.335624464000034],[62.69298574700008,55.534879501000034],[62.728540586000065,55.84249181100006],[62.61302693400006,56.12562176800009],[62.54036693900008,56.46763111200005],[62.51676329800006,56.76010146600004],[62.52187583400007,57.10331161900007],[62.44990444300004,57.48075759100004],[62.277322423000044,57.65716967100008],[61.99709138800006,57.699198014000046],[61.73997650000007,57.78328413600008],[61.620881626000084,57.959992955000075],[61.67641272600008,58.19587514400007],[61.64505909300004,58.37299027500006],[61.42822647700007,58.55028040000008],[61.28019300300008,58.75311263000003],[61.00889061400005,58.854614954000056],[60.84610771000007,59.03238268900009],[60.64480451400004,59.14251801700004],[60.62553155100005,59.379963460000056],[60.691673242000036,59.59223564500007],[60.65570922100005,59.702717162000056],[60.46958984300005,59.97496408100005],[60.45872877800008,60.188636115000065],[60.55692988000004,60.514170756000055],[60.55734834800006,60.74592839700006],[60.620990300000074,61.04692312200007],[60.59627753600006,61.34856312200009],[60.51929508300003,61.694090033000066],[60.51617182100006,62.04914203300007],[60.481384081000044,62.387713871000074],[60.54910773700004,62.875311846000045],[60.505367328000034,63.23339157300006],[60.508135466000056,63.609935818000054],[60.57966481200003,64.05786971600008],[60.56254692200008,64.25154661300007],[60.65002620700005,64.44549670400005]]]}},{"type":"Feature","properties":{"id":"26","n":"Tunguss Basin"},"geometry":{"type":"Polygon","coordinates":[[[91.43303767900005,67.57074049200008],[91.84390591200008,67.90137810100003],[92.17317245400005,68.19614643100005],[92.88255705400007,68.73251982400006],[93.55542666900004,69.17849261500004],[94.26042006300003,69.53290592000008],[94.83864486600004,69.94478874400005],[96.13660332400008,70.36054998800006],[96.88599850800006,70.53136659400008],[97.71879393100005,70.66446805100009],[98.49779297500004,70.87406169900004],[99.22082435500005,70.91222691600007],[99.96301656900005,71.04594462100005],[100.71046019200003,71.14159050200004],[101.83002141200006,71.46762262300007],[102.38359232100004,71.54452500200006],[102.78682430700007,71.62149978100007],[102.64042503400003,71.31403425000008],[102.34702175100006,71.04594462100005],[102.65961893700006,70.75967191800004],[102.82701615500008,70.41744974400007],[102.92198588600007,70.09553224600006],[103.07994587300004,69.75736733700006],[103.06252120200003,69.29028288700005],[103.31752384400005,69.21574277500008],[103.34377066600007,68.82527472700008],[103.40303537300008,68.39927739800004],[103.25388208100003,67.93817929900007],[103.02050004300003,67.58908227000006],[102.74509571900006,66.83964603900006],[102.47538424100003,66.38523651700007],[102.69458796600003,66.24023054400004],[103.16954026600007,66.24023054400004],[103.84801384900004,66.29458488500006],[104.41604063200003,66.43966420300006],[105.64763527800005,66.47596464700007],[106.00143967200006,66.34896669500006],[107.53988374200003,66.07733192500007],[108.16417363800008,66.02308704800004],[108.97220620300004,66.00501148300003],[109.48913368900003,65.86051583000005],[110.00944995800006,65.86051583000005],[110.59301031300004,65.73424047700007],[110.99354819000007,65.55410241400006],[111.36257140900005,65.24855312600005],[111.78512870300005,65.06921897500007],[112.07551834800006,65.08641603100006],[112.37738091300002,64.72262463900006],[112.605762378,64.34079083200004],[112.8189098900001,64.07413726400006],[112.92539943600002,63.694097027000055],[112.82700967200003,63.22051287600004],[112.65740340500008,62.76739029100008],[112.5709830830001,62.42851547300006],[111.72412558900004,61.99670454300008],[110.69110423700005,61.36080820500007],[110.02652246400004,60.98809344000006],[109.69548368300008,60.85787620900004],[109.32567360100006,60.50503458900005],[109.14442323000003,60.28264067900005],[108.59514306500006,60.264123632000064],[107.82119516700004,60.02362218300004],[106.68871561400005,59.54529287300005],[103.79562347200005,58.081748693000065],[103.00324164100005,57.735904909000055],[102.14065652500005,57.227447630000086],[100.77028819100008,56.63002625200005],[99.72242329700003,56.30498884700006],[98.59684413400004,56.070601138000086],[97.81499189900006,55.85451123200005],[97.06253147600006,56.08862022800008],[96.56439683600007,56.26890950300003],[95.83806499700006,56.28694827800007],[94.59383947400005,56.279276130000085],[94.69995454800005,56.40919362600005],[94.62621084400007,56.567853495000065],[94.46289232200007,56.735014068000055],[94.24582074100005,56.90232909800005],[93.84247610600005,57.287742163000075],[93.42274887500008,57.61515112900008],[93.30025447400004,57.56025225800005],[93.11669696200005,57.75409065300005],[92.42959516200006,58.33700739600005],[90.34796678800006,60.19007966700008],[89.83790683100005,61.08117954900007],[90.05163166700004,61.603604345000065],[89.78118260800005,61.99720408700006],[90.06442871700006,62.05250119200008],[89.74887938600006,63.05067776000004],[89.80211386400003,63.61421887400007],[89.64976880800003,64.12692122600004],[89.68412236200004,64.71267442800007],[89.65772397600006,65.23060639300007],[89.96126429200007,65.77030410200007],[90.55320599500004,66.54860236000007],[90.98112183400008,67.00370633800009],[91.43303767900005,67.57074049200008]]]}},{"type":"Feature","properties":{"id":"28","n":"Yakut Basin"},"geometry":{"type":"Polygon","coordinates":[[[112.07551834800006,65.08641603100006],[112.52061794000008,65.39223384800005],[112.8872276400001,65.48213099300006],[113.31997185800003,65.62612167500004],[113.8376414920001,65.89662162000008],[114.2383347970001,65.91467904200005],[114.56673874900002,65.95080294700006],[115.0098616790001,66.04116564200007],[115.56804951700008,66.20400955700006],[116.22974345700004,66.25834560800007],[116.7294284190001,66.24023054400004],[117.06876402600005,66.09541961600007],[117.29387773300004,65.86051583000005],[117.81855780600006,65.77030410200007],[117.55323007100003,65.08713909000005],[117.42119100500008,64.67710298000009],[116.92589273100009,64.23323622800007],[116.75593508000009,63.861492344000055],[116.76268963300004,63.59657341900004],[118.29484341500006,64.55267553900006],[118.86091220600008,64.80164347200008],[119.28905432300007,65.08713909000005],[119.81187397600002,65.50011936800007],[120.163076864,65.57210274000005],[120.02957398900003,65.33833129200008],[118.36573634400008,63.985295515000075],[117.984987284,63.61421887400007],[117.87864410100008,63.314552020000065],[118.33614229700004,62.92770808800003],[118.81983327900002,62.91014988300003],[119.35483295000006,62.83993925600004],[120.06186353500004,62.87504013200004],[120.64513294100004,63.015532446000066],[121.66473559200006,63.191348162000054],[123.6879073990001,63.20894200500004],[124.54325005600003,63.12099511800005],[124.84610991200009,63.033103990000086],[125.128163632,62.89259389800009],[125.59149015600008,62.787304566000046],[125.93660913300005,62.752225845000055],[126.30370479300007,62.734689804000084],[127.81483867600002,62.734689804000084],[128.91408978100003,62.71715597500008],[129.71501979800007,62.76976409900004],[130.54018530500002,62.89259389800009],[130.79260573400006,62.91014988300003],[131.73554343800004,63.033103990000086],[132.195803618,63.068253757000036],[132.93686682500004,63.22653808200005],[134.36226073700004,63.59657341900004],[134.89845438600003,63.66716876900006],[135.70028276300002,63.861492344000055],[136.33047446,63.914537229000075],[137.17895618300008,63.82614042000006],[137.586644923,63.73780022900007],[138.2055093250001,63.684823246000065],[138.62388916200007,63.49074798000004],[138.78659921200006,63.27933973200004],[138.933685577,63.13858003100006],[139.74664220500006,62.99796312700005],[139.88611441400008,62.787304566000046],[139.782138153,62.401924317000066],[139.4758941340001,61.982721395000056],[138.53863283500004,60.92286359700006],[138.03441854100004,60.52530998300006],[137.38190516100008,60.14608570100006],[137.2246872820001,59.854241552000076],[137.02463181000007,59.56340242200008],[136.899715077,59.017223942000044],[136.68576585300002,58.778794806000064],[136.31907458600006,58.57467941600004],[135.58171340800004,58.37079620700007],[134.9636930150001,58.082357570000056],[134.115437993,57.743609520000064],[133.54189562500005,57.574474242000065],[133.10511062800003,57.371721179000076],[132.10116037900002,57.591380627000035],[131.66315968900005,57.60828859800006],[131.364314874,57.743609520000064],[131.0471702760001,57.84516698500005],[130.98903432600002,58.184106555000085],[130.26194972300004,58.21803569300005],[129.60410726100008,58.21803569300005],[128.49426229800008,58.15018382400007],[126.18579208300002,58.20107032300007],[125.80052875900003,58.28591320700008],[125.2081046730001,58.28591320700008],[124.59346878300005,58.15018382400007],[124.00744589800001,58.11626749700008],[123.31825060900007,58.04845404000008],[122.59879321800008,57.91290381300007],[122.06182225400005,57.86209880200005],[120.72851006200005,57.86209880200005],[120.1312828240001,57.89596721500004],[119.45349119900004,57.89596721500004],[118.69199583900001,57.879032212000084],[117.960362314,57.828236761000085],[117.45779121300006,57.828236761000085],[117.09215263700003,57.89596721500004],[117.37973133600008,58.16714438900004],[117.58646804600005,58.62568646500006],[117.79031660100009,59.13655782100005],[117.83177502500007,59.495038624000074],[117.9529118580001,59.80288247100003],[117.78578405100006,59.991271623000046],[117.24079935100008,59.80288247100003],[116.56879328900004,59.59759415500008],[116.10455168100009,59.47795176900007],[115.72740279200002,59.47795176900007],[114.68568180900002,59.27303706500004],[114.16356108700006,59.13655782100005],[113.69513346100007,59.153612025000086],[113.57855253600007,59.27303706500004],[113.2705743350001,59.35838959600005],[113.0489712530001,59.35838959600005],[112.81993194100005,59.283962785000085],[112.59243081800003,59.60040959000008],[112.130110758,59.839445940000076],[111.82525639200003,60.116074411000056],[110.98229410200003,60.227096807000066],[109.93559330500005,60.28264067900005],[109.14442323000003,60.28264067900005],[109.32567360100006,60.50503458900005],[109.69548368300008,60.85787620900004],[110.02652246400004,60.98809344000006],[110.69110423700005,61.36080820500007],[111.72412558900004,61.99670454300008],[112.5709830830001,62.42851547300006],[112.65740340500008,62.76739029100008],[112.82700967200003,63.22051287600004],[112.92539943600002,63.694097027000055],[112.8189098900001,64.07413726400006],[112.605762378,64.34079083200004],[112.37738091300002,64.72262463900006],[112.07551834800006,65.08641603100006]]]}},{"type":"Feature","properties":{"id":"27","n":"Angara-Lena Basin"},"geometry":{"type":"Polygon","coordinates":[[[91.59728816200004,54.591627223000046],[91.79976485200007,54.772986400000036],[92.55949146400008,55.111722300000054],[93.15221292100006,55.518266596000046],[93.62880884700007,55.78425501700008],[94.53663199000005,56.20897929000006],[94.59383947400005,56.279276130000085],[95.83806499700006,56.28694827800007],[96.56439683600007,56.26890950300003],[97.06253147600006,56.08862022800008],[97.81499189900006,55.85451123200005],[98.59684413400004,56.070601138000086],[99.72242329700003,56.30498884700006],[100.77028819100008,56.63002625200005],[102.14065652500005,57.227447630000086],[103.00324164100005,57.735904909000055],[103.79562347200005,58.081748693000065],[106.68871561400005,59.54529287300005],[107.82119516700004,60.02362218300004],[108.59514306500006,60.264123632000064],[109.11874126900005,60.28264067900005],[109.93559330500005,60.28264067900005],[110.98229410200003,60.227096807000066],[111.82525639200003,60.116074411000056],[112.130110758,59.839445940000076],[112.59243081800003,59.60040959000008],[112.81993194100005,59.283962785000085],[112.57666946800009,59.204784407000034],[111.25221100500005,58.60868250200008],[110.75609168700004,58.33683818900005],[110.42952519700003,58.09931173400008],[109.95130558000005,57.79438109100005],[109.65220721400004,57.48996609400007],[109.40580910600005,57.169195684000044],[109.23877074000006,56.88267263100005],[108.93795286400007,56.176729857000055],[108.87684483000004,55.74108933300005],[108.63773491800004,55.223030220000055],[108.44851263100003,54.75715489700008],[108.03709174300008,54.276393614000085],[107.51631125400007,53.829633724000075],[107.08888610600007,53.383684533000064],[106.46078731700004,52.88913090700004],[105.95040735700007,52.57642575700004],[105.29340717400004,52.23126421000006],[104.68478725900007,52.01783393800008],[104.13091630400004,51.870182242000055],[103.41902360600005,51.83738270500004],[102.87043743100003,51.85378193100007],[102.42693410100003,51.952200093000044],[101.55298715500004,51.952200093000044],[101.06182114500007,51.93579435000004],[100.56554270500004,51.69978133200004],[100.20432598200006,51.69978133200004],[99.74140965800007,51.75679877500005],[99.03592585200005,52.08286472200007],[98.75740156900008,52.262384230000066],[98.46496986000005,52.28687425900006],[98.13323804200007,52.28687425900006],[97.52457947000005,52.22157290100006],[96.65249701900007,52.20525025500007],[96.43662951900006,52.22157290100006],[96.11812483800003,52.19708933600003],[95.98804513800007,52.34402709600005],[95.95770244900007,52.499222864000046],[95.61344785000006,52.679045098000074],[94.78239960100007,52.42569693200005],[94.16606513800008,52.20525025500007],[93.83317729000004,52.188928686000054],[93.53983661800004,52.08286472200007],[93.14775608200006,52.099179296000045],[93.08534810200007,52.229734628000074],[93.08733102100007,52.50739376300004],[93.14015684300006,52.75264649800005],[93.03915752700004,52.84263358000004],[92.44266960500005,52.867181207000044],[92.33386245600008,52.98995600100005],[92.35659100700008,53.17832949800004],[92.48808221200005,53.399647523000056],[92.61097538400003,53.71968082800004],[93.03613765500006,53.94970547400004],[93.19909985000004,54.12236541800007],[93.03691831000003,54.171719143000075],[92.66435159600007,54.179945728000064],[92.35720496600004,54.16349283300008],[91.86265624500004,54.16349283300008],[91.55935938900006,54.179945728000064],[91.43883704800004,54.36923337400003],[91.59728816200004,54.591627223000046]]]}},{"type":"Feature","properties":{"id":"29","n":"North China Aquifer System (Huang-Huai-Hai Plain)"},"geometry":{"type":"Polygon","coordinates":[[[111.87589154700004,34.391459388000044],[112.01791354900001,34.70690775200006],[112.41779517700002,34.695839712000065],[112.6580216000001,34.75671577700007],[112.73996566400001,34.90613879700004],[112.93933787500009,35.05010916500004],[113.10552218400005,35.05010916500004],[113.22824008600003,35.02793623700006],[113.45389970300005,35.12771717900006],[113.651168181,35.29403393000007],[113.77672556900006,35.37719874600009],[113.9422196480001,35.332843833000084],[114.19182571700003,35.410466030000066],[114.30795924300003,35.62672055000007],[114.27442894600006,35.765360874000066],[114.32952402,35.97611828700008],[114.4602776800001,36.17581003600009],[114.6083302940001,36.28676068800007],[114.89374724900006,36.96373341300006],[114.892357307,37.15800180900004],[115.06159659900004,37.52440259800005],[114.98201230200004,37.75761179300008],[114.95617583500007,38.14081771300005],[115.04770385100005,38.32412384100007],[115.21960722600011,38.52967515800009],[115.86213667000004,38.98531797600003],[116.20419927900002,39.18539855900008],[116.551809381,39.45221320500008],[116.71713963000002,39.65791481600007],[116.80535316700002,39.86920403800008],[116.99254013200004,40.15320602800006],[117.12744403900001,40.23127525500007],[117.56827858500003,40.387443964000056],[117.63741761800009,40.27589106900007],[117.740643126,40.175510435000035],[117.93116155200005,40.175510435000035],[118.00012164200007,40.09744775200005],[118.03599759100007,39.97485923700009],[118.15654133600003,39.90256819500007],[118.47238646400001,39.908129047000045],[118.820968634,39.80803837800005],[118.99568811200004,39.73575462400004],[119.33396096900003,39.702985012000056],[119.25581826400003,39.551103269000066],[119.25305347300002,39.39972502900008],[119.0502632140001,39.25583124900004],[119.05998137800009,39.233877645000064],[118.924424627,39.12805065900005],[118.89108942400003,39.124711382000044],[118.967208003,39.19221460500006],[118.8408263340001,39.17916639400005],[118.74832524800001,39.142771537000044],[118.60497210400001,39.18943361300006],[118.53914021100002,39.15916196400008],[118.50138348000007,39.115552910000076],[118.32137072500007,39.038890784000046],[118.24275185500005,39.06805179100007],[118.23471623600005,39.112767817000076],[118.16499629100008,39.182493073000046],[118.05165185600003,39.224164328000086],[117.89804318300003,39.20138624800006],[117.79942686700008,39.15332142800008],[117.7438747440001,39.10499904000005],[117.723044995,39.02138226000005],[117.57193000900008,38.775273163000065],[117.53638439300005,38.67555889400006],[117.546102765,38.612770116000036],[117.621358461,38.46583106400004],[117.71082385800003,38.34832875700005],[117.80054228900008,38.27527195500005],[118.0280579140001,38.167211730000076],[118.1105271240001,38.146384398000066],[118.35722099000009,38.12916077700004],[118.4835997880001,38.10055011500009],[118.59915377800007,38.11082604600006],[118.794444527,38.15888277600004],[118.841932133,38.15054910100008],[118.9549862670001,38.03416508500004],[119.03692331700006,37.872762203000036],[119.04694536800002,37.66666420200005],[118.9866423310001,37.62026618300007],[118.9633095050001,37.57583205100008],[118.9388749310001,37.34777064700006],[118.97109378800008,37.27083269500008],[119.15886237400002,37.17110279800005],[119.232778177,37.14361201300005],[119.38749101300004,37.12304821400005],[119.74749769200002,37.14361201300005],[119.89025963400002,37.24443811400005],[119.89444419000006,37.26943995800008],[119.84860061000006,37.34027321700006],[119.85414744700006,37.35944232600008],[120.05885845800003,37.43193931500008],[120.18485987300005,37.50525737400005],[120.087400527,37.33867509600009],[119.8933910500001,37.123879438000074],[120.0555915760001,36.970937509000066],[120.28454980700008,36.928637139000045],[120.36208368200005,36.80825015600004],[120.29762490500002,36.57400945100005],[120.16100960400001,36.49268478300007],[120.06262161100005,36.37883658900006],[119.98756901800004,36.22596835200005],[119.81536234600003,36.180435817000046],[119.6928157530001,36.19344497600008],[119.57411854000009,36.18471948900009],[119.37552206500004,36.110553518000074],[119.26168791400005,35.99189567800005],[119.00723562900009,35.947401005000074],[119.00901909900006,36.021559152000066],[119.23661986900004,36.466582207000044],[119.09364079000011,36.57043926500006],[118.37807329700001,36.57043926500006],[118.17860893200009,36.70397987000007],[117.976603125,36.76333524700004],[117.66199083100003,36.77817431500006],[117.37312663500006,36.70397987000007],[117.21253761700007,36.60011384100005],[116.96288843000002,36.496254789000034],[116.47704364000003,36.16988611600004],[116.317308056,35.99189567800005],[116.40479537700003,35.84358578300004],[116.59292433200005,35.75460677800004],[116.82067007,35.710119460000044],[116.91710846400008,35.60831822000006],[116.98620815600009,35.40300758500007],[117.11170654800003,35.247141604000035],[117.07847224,34.787567127000045],[117.27618376700002,34.753415042000086],[117.57205329100009,34.77238859800008],[117.92185103000008,34.912791438000056],[117.8848068100001,35.05328165900005],[117.99666682200007,35.247141604000035],[118.1990478570001,35.35358466800005],[118.45917030800001,35.52086759000008],[118.745415804,35.66535378800006],[118.83448538800008,35.57789993400007],[118.7697077790001,35.37259333600008],[118.56982670500008,35.14070586200006],[118.52132457700009,34.90899693700004],[118.731242372,34.787567127000045],[119.03262401300003,34.77997812600006],[119.19006147800008,34.80949166800008],[119.19747321700004,34.769715620000056],[119.22330757500004,34.75777821600008],[119.30859895200001,34.74777683500008],[119.36830705500006,34.76333254600007],[119.43776548000005,34.746102465000035],[119.47886252800004,34.70332426200008],[119.45860086700009,34.67471173700005],[119.648045367,34.52971835900007],[119.80386244500005,34.468602797000074],[119.92746614000009,34.45527325000006],[120.25389362300007,34.30998920500008],[120.4808233,33.76194478100007],[120.49832170000002,33.657215413000074],[120.55053123300002,33.55332534100006],[120.636120775,33.455824146000054],[120.66552414600005,33.32083425900004],[120.78942967900002,33.16137715100007],[120.88581183200006,32.97499560400007],[120.89499634700007,32.895273117000045],[120.87914319600009,32.79694581400008],[120.82693211600008,32.70000274200004],[120.83582466200005,32.640835337000055],[121.1002781840001,32.51610953900007],[121.28692905000003,32.45804519200004],[121.3977687680001,32.37943209300005],[121.4246972200001,32.249160406000044],[121.38553739200006,32.23749678900009],[121.44831211400003,32.111938026000075],[121.52915508800004,32.11444536000005],[121.66081569800008,32.05443496700008],[121.827761699,31.918611060000046],[121.89553699100009,31.746943290000047],[121.8958337570001,31.698888236000073],[121.85859844200002,31.675272972000073],[121.65582109500008,31.70916129300008],[121.47415827200007,31.81722041000006],[121.299705722,31.869165446000068],[120.94442376000006,31.86639065500009],[120.81051381500004,32.019158195000045],[120.60192850600004,32.093609635000064],[120.47202077100008,32.09244221800009],[120.26609793900002,31.94416393100005],[120.21083021000004,31.933055799000044],[120.09192652600007,31.947216728000058],[120.00694272500004,31.992221094000058],[119.91805741900009,32.10972241300004],[119.863600002,32.27416623100004],[119.77109675100007,32.32694212200005],[119.68081408900002,32.30305148900004],[119.62969545100009,32.26082613400007],[119.6074879680001,32.19471225500007],[119.62886471700006,32.184718788000055],[119.65999214800001,32.19915772400009],[119.806640851,32.10555758900006],[119.88498480400006,31.990275048000058],[120.14359809900009,31.90221816500008],[120.2224829910001,31.902500392000036],[120.37775988500005,31.954716577000056],[120.43580451000003,32.021108462000086],[120.70943142200008,31.98638242800007],[120.78943146200004,31.87722289000004],[120.772776292,31.81583406900006],[120.71886519300006,31.856385054000043],[120.72747061100006,31.810557746000086],[120.86026797900001,31.752221723000048],[120.96389702300007,31.75472061800008],[121.0866450420001,31.70583048900005],[121.22971813200002,31.617220758000087],[121.32514746000004,31.492221173000075],[121.69885634900004,31.28527874100007],[121.7594238150001,31.20693995700009],[121.86971274500002,31.008334558000058],[121.8919371070001,30.92499482000005],[121.87497579900003,30.87027288300004],[121.84748275600009,30.852221971000063],[121.6983135370001,30.863054206000072],[121.46914780200007,30.816388131000053],[121.39498120300004,30.769721528000048],[121.34249065000006,30.70583117500007],[121.22802817800005,30.674995651000074],[120.99582945300006,30.572220770000058],[120.94747570700008,30.511944503000052],[120.93025871500004,30.464718722000043],[120.9333281050001,30.410831860000087],[120.8144219400001,30.335555896000074],[120.75389709500007,30.335555896000074],[120.708334423,30.37999844600006],[120.6494219980001,30.398055688000056],[120.453874616,30.392495556000085],[120.38302976400007,30.36749975300006],[120.14610731100004,30.194717319000063],[120.30524481600003,30.222217819000036],[120.41469645900008,30.291109126000038],[120.51220853000007,30.309719216000076],[120.61360625600003,30.110832118000076],[120.67498591800006,30.082498126000075],[120.793328825,30.06055512200004],[120.77607072300009,30.091108946000077],[121.07929757000011,30.262954493000052],[121.17942449000009,30.303054442000075],[121.28441218600005,30.30444658600004],[121.408348025,30.247772799000074],[121.483596454,30.18527511700006],[121.60950036500003,30.017507352000052],[121.52743216400006,29.949692200000072],[121.09170594600005,29.70339363100004],[120.94123022400004,29.70339363100004],[120.70679691300006,29.767248640000048],[120.394621088,29.940570207000064],[120.164757323,29.958814721000067],[119.78553885500003,29.92232569300006],[119.63496211800009,29.92232569300006],[119.41918044900001,29.949692200000072],[119.2870339860001,30.113891773000034],[119.383508302,30.478778894000072],[119.37222542100005,30.560878417000083],[119.1711599790001,30.542633902000034],[119.0855620100001,30.46053437900008],[118.91318020300002,30.46053437900008],[118.91923502000009,30.615611432000037],[119.01917673500009,30.871032521000075],[119.401812231,31.181186626000056],[119.37724565400003,31.25416362800007],[119.09435718500004,31.409240681000085],[118.99031162800009,31.445729709000034],[118.66777431900005,31.235919642000056],[118.48034131400004,31.19943061300006],[118.39393933600002,31.19943061300006],[118.24683066600005,31.290652657000066],[118.09178006600007,31.25416362800007],[117.98770404700008,31.318019164000077],[117.91938502100004,31.33626367900007],[117.81555831100002,31.427485195000088],[117.8584041470001,31.719394786000066],[117.73642919300005,31.76500580700008],[117.752284701,31.856227851000085],[117.826247545,31.956571361000044],[117.999185711,32.11164841300007],[118.05532397000002,32.193748464000066],[118.11700372500002,32.33970299500004],[118.27207690900002,32.44916902600005],[118.44477878200007,32.42180251800005],[118.6083488050001,32.44916902600005],[118.73341854400007,32.513024562000055],[118.80443940700002,32.67722360800008],[118.68923963500004,32.78668963800004],[118.43943999100009,32.78668963800004],[118.23693841200009,32.69546812200008],[118.059280769,32.68634612900007],[117.88750035300006,32.74107914400008],[117.61116660100004,32.90527819000005],[117.37801496700001,32.86878968900004],[117.26348051100001,32.80493415300009],[117.01967900300008,32.76844565200008],[116.82694201600009,32.49478004800005],[116.65316918400003,32.33970299500004],[116.56527309,32.10252642000006],[116.48391708300005,31.983938396000042],[116.30178232000003,31.856227851000085],[116.19957262500009,31.73763930000007],[116.148157943,31.609928755000055],[116.04307325700006,31.482218210000042],[115.92766851100009,31.43660718800004],[115.87004877200002,31.454851703000088],[115.7371737310001,31.609928755000055],[115.63308500200003,31.70115079900006],[115.413538883,31.774127801000077],[115.11053561200004,31.774127801000077],[114.7063898350001,31.73763930000007],[114.51525993300004,31.746761293000077],[114.32804719600006,31.84710533000009],[114.21409833000007,31.95294408700005],[114.0478662380001,32.021248256000035],[113.87793816700002,32.18062465200006],[113.7847336210001,32.31723299100008],[113.84697735000009,32.46901985900007],[113.93369794500006,32.61321772600007],[113.90751200500006,32.73464701000006],[113.698847709,32.76500459400006],[113.57142726200004,32.98889066000004],[113.6270626700001,33.152061556000035],[113.47421376500006,33.18621364000006],[113.1252992310001,33.345497719000036],[112.88647085100001,33.87677997900005],[112.69526462600004,33.89338230200008],[112.53184476000001,33.943189800000084],[112.40010465400007,34.06494193000009],[112.3274173320001,34.170091736000074],[112.09803177800006,34.17562602000004],[111.87589154700004,34.391459388000044]]]}},{"type":"Feature","properties":{"id":"30","n":"Song-Liao Plain"},"geometry":{"type":"Polygon","coordinates":[[[127.89727213200001,49.80311523000006],[128.23569057600002,49.718963398000085],[128.48405925500003,49.59277096100004],[128.451315249,49.37203603800003],[128.45654817600007,49.22495133800004],[128.68991692400004,49.20394392900005],[128.91494049900007,49.20394392900005],[129.101944902,49.098924468000064],[129.3830226010001,49.05692488500006],[129.60869810100007,49.088424133000046],[129.864934124,49.245959919000086],[130.09627223400003,49.29848650200006],[130.25521342500008,49.29848650200006],[130.23543070800008,49.10942509600005],[130.3057343260001,48.96244294400009],[130.9004227160001,48.96244294400009],[131.1320462000001,48.90996321600005],[131.20309491700004,48.65816222300003],[130.846327836,48.25982093400006],[130.54925223700002,48.05033642300003],[130.22383771900002,47.91423379400004],[130.03496931100005,47.79910832500008],[129.90024707100008,47.93516946800008],[130.02486344600004,48.14459006700008],[129.94532856400008,48.40652931200003],[129.54443899300009,48.29125364200007],[129.40735198000004,48.17601317800006],[129.26209235400006,48.08175169000003],[128.88952472300002,47.87236592800008],[129.05140801700009,47.767716558000075],[129.20005389200003,47.725864924000064],[129.35299975600003,47.70494084500007],[129.32323246500005,47.46439715200006],[129.16366721100007,47.25535302700007],[129.0892016250001,46.97332652500006],[129.19177145700007,46.82717322600007],[129.39027057300007,46.67064295800009],[129.4443442600001,46.57675582400009],[129.17041345100006,46.430755376000036],[129.02170728400006,46.326503750000086],[128.63863204400002,46.25354465700008],[128.4211868110001,46.159760721000055],[128.29256513200005,46.12850455900008],[128.262021548,46.02433594200005],[128.11439483700008,45.83690442900007],[128.319030699,45.701594733000036],[128.60854760900008,45.69118829100006],[128.8067820440001,45.597543134000034],[128.64096376700002,45.36872984000007],[128.47318385300002,45.20240661300005],[128.34099037200008,45.18162132200007],[128.0465889630001,45.06732251600005],[127.30797850700003,44.445689970000046],[127.14991785400002,44.37322689900009],[127.04318001600006,44.43533757700004],[127.05318625500001,44.54922355200006],[126.891027742,44.53886940400008],[126.23168368200004,44.22832652800008],[126.00282934100005,44.14554173600004],[125.80762056200001,43.969661262000045],[124.99269797500006,43.38031316800004],[124.62558920700008,43.15299719400008],[124.60466377500006,42.99805739900006],[124.680731121,42.78120750800008],[124.4470528280001,42.40964328200005],[124.21802384,42.31678740600006],[124.09365986900002,42.172372874000075],[123.90337929700001,41.87333660500008],[123.584789946,41.60535896400006],[123.253570674,41.27570082600005],[122.619627455,40.802126988000055],[122.19197967500008,40.63035843900008],[122.06428087800009,40.74392674200004],[122.05956824600003,40.81057576300009],[122.023760584,40.858924293000086],[122.06593248600007,40.98229096700004],[121.67846835800003,41.00700684800006],[121.62942872100007,41.056441592000056],[121.70085991300004,41.24597830000005],[121.8029755870001,41.419084647000034],[122.170316759,41.73244880700008],[122.59935141900007,41.90569239600006],[122.74958853700002,42.05422584200005],[122.8929575410001,42.16152236800008],[123.146100477,42.31011778300007],[123.358222856,42.367914615000075],[123.568198865,42.392686354000034],[123.70303753100006,42.50004212200008],[123.7728500180001,42.615677057000084],[123.77892966500008,42.756120244000044],[123.70225839700004,43.053635658000076],[123.59592117600005,43.061902038000085],[123.41131586000006,42.92965334200005],[123.27307914100004,42.92138874600005],[122.94801067900005,42.99577412100007],[122.75742914300008,42.97097799200009],[122.22694872300008,42.69002532300004],[122.01549284300006,42.64871961700004],[120.99362085500002,42.65698053600005],[120.64268532900007,42.73959584500005],[120.6128881090001,42.830485553000074],[120.63985371600006,42.92965334200005],[120.72491448400001,43.053635658000076],[120.61510149700007,43.086701848000075],[120.368057711,42.979243257000064],[120.24115303000008,43.061902038000085],[120.23454927400007,43.18591113200006],[120.30102431900002,43.326485141000035],[120.400588878,43.425733291000086],[120.74315576200001,43.49190766600009],[120.89879379400008,43.69874872100007],[120.95010429000001,43.81461026300008],[121.2812657070001,43.90565973000008],[121.50451633900002,43.98844373600008],[121.708445772,44.12920227300003],[121.81475343600005,44.26171050600004],[122.13512406400002,44.41910135300009],[122.28889242500009,44.46052673500009],[122.54057746400008,44.758872430000054],[122.98954654900001,45.22383041900008],[123.56231079600002,45.506747472000086],[123.72649214500007,45.614977303000046],[123.86857993800004,45.74822558000005],[124.12242005400003,46.08155093500005],[124.27323784300006,46.331737186000055],[124.51291699600006,46.57374086100003],[124.8008543310001,46.94121418800006],[124.75855240600004,47.03313825100008],[124.78465878700001,47.43452290700009],[124.9456824020001,47.635375071000055],[125.06487055600007,47.744214567000085],[125.1820125910001,47.81120830400005],[125.35554355300008,47.86983756900008],[125.4583457980001,47.970366057000035],[125.68314002600005,48.12959091400006],[125.77267679300007,48.238572944000055],[126.2052015050001,48.55731640600004],[126.338404803,48.71678922000007],[126.54995519300007,48.89312718500008],[126.81207061400005,49.07795076700006],[127.01532665500008,49.254457943000034],[127.32281825000007,49.62455118300005],[127.60636920400009,49.76763935100007],[127.89727213200001,49.80311523000006]]]}},{"type":"Feature","properties":{"id":"31","n":"Tarim Basin"},"geometry":{"type":"Polygon","coordinates":[[[75.26682181900003,39.546444259000054],[75.76446851800006,39.75948156900006],[76.12829526700006,39.824324851000085],[76.48315986400007,39.954019591000076],[77.26444157500003,39.954019591000076],[77.75851663800006,39.972548302000064],[77.98047763300008,40.018917216000034],[78.34262103900005,40.04678016400004],[78.62879487800006,40.13966577100007],[78.82093171000008,40.22327480600006],[79.02834684700008,40.34406347400005],[79.24761046800006,40.40911335100009],[79.45202653900003,40.52064343400008],[79.70231793200003,40.63219374700009],[79.92627894800006,40.70657186700004],[79.96106494000003,40.79025800900007],[79.93857176000006,40.818155922000074],[79.79096141000008,40.84605510100005],[79.62420586700006,40.85535510800008],[79.47675990500005,40.91115811000009],[79.46638673300004,41.02277931600008],[79.50924743900003,41.125116570000046],[79.65529368600005,41.25538864300006],[79.82716756300005,41.31122799000008],[81.50374910000005,41.46946705000005],[81.81188239100004,41.46946705000005],[82.02313010100005,41.53463616400006],[82.58035025400005,41.58118976600008],[83.37513477500005,41.748811973000045],[83.93024481200007,41.88853212400005],[84.28334292500006,41.93511257800009],[84.49357684100005,41.94442909300005],[84.70963378800008,41.99101379100006],[85.03163655300006,42.018966308000074],[85.20333165100004,42.018966308000074],[85.52928887300004,41.981696568000075],[86.44426368200004,41.78606757000006],[86.74854285600003,41.776753459000076],[86.97543373600007,41.748811973000045],[87.18299657000006,41.655682874000036],[87.47562156200007,41.646370741000055],[87.67687017900005,41.51601571100008],[87.82791410300007,41.49739582300003],[88.18612338000008,41.385688351000056],[89.11754338600008,41.208859731000075],[89.40143519100008,41.13442080200008],[89.63186102600008,41.115812479000056],[89.93908324300003,40.99487211400009],[90.27692437200005,40.939061511000034],[90.50681371600007,40.79955717300004],[90.66679737000004,40.63219374700009],[90.71453075600004,40.41840675200007],[90.68915220600007,40.16753418700006],[90.59695747500007,39.991077234000045],[90.40745655500007,39.79653453900005],[90.16238712800003,39.60201637400007],[89.13714586500004,39.19453400300006],[88.48748438400008,38.86121934300007],[88.17782463400005,38.740873402000034],[87.59490290100007,38.611280572000055],[87.31666782200006,38.509465265000074],[87.00183968300007,38.509465265000074],[86.56312252300006,38.42616682600004],[86.34205842300008,38.35212754100007],[85.88898891100007,38.315109229000086],[85.44047884300005,38.17629846500006],[85.14290905900003,37.99123685200004],[84.73426695300003,37.806197411000085],[84.11523680700003,37.56567927000009],[83.64647794900003,37.36219316200004],[83.30551447100004,37.16798141900006],[82.04017690200004,36.761140700000055],[81.74143154000006,36.70567071600004],[81.46263013900005,36.70567071600004],[81.11561871700007,36.73340545900004],[80.65171381600004,36.87208663900009],[80.35657869600004,37.14023887600007],[80.03870615800008,37.25121203400005],[79.71529645400005,37.315950057000066],[79.12200665800003,37.40843765200009],[78.61724631300007,37.43618501000009],[78.08859547500003,37.49168122100008],[77.80881708000004,37.49168122100008],[77.58160681000004,37.70443516600005],[77.40731584200006,37.907966360000046],[77.31638770700005,38.09301799500008],[77.13256444100006,38.26883758800005],[76.99480243100004,38.509465265000074],[76.79782032400004,38.648305985000036],[76.51413660100008,38.79641651700007],[76.06358015600006,38.981574667000075],[75.78859380300008,39.000091704000056],[75.54283569600005,39.03712644400008],[75.15259476900007,39.11119859000007],[75.01822721800005,39.17601463300008],[74.97736742600006,39.34269696100006],[75.07793472100008,39.463089840000066],[75.26682181900003,39.546444259000054]]]}},{"type":"Feature","properties":{"id":"32","n":"Parisian Basin"},"geometry":{"type":"Polygon","coordinates":[[[-1.209905391999939,49.444485426000085],[-1.113888344999907,49.365275143000076],[-1.067776568999932,49.39472619800006],[-0.92777659099994,49.39472619800006],[-0.827222080999945,49.36166067800008],[-0.410832982999921,49.34083350000009],[-0.228334031999907,49.28360802100008],[-0.039443263999942,49.31471871600007],[0.079166637000071,49.35889213000007],[0.149165297000081,49.40943819200004],[0.424722600000052,49.451661554000054],[0.494444497000075,49.48805607600008],[0.371666085000072,49.455550222000056],[0.256110991000071,49.45722557800008],[0.119166514000085,49.484722487000056],[0.074166002000084,49.526664061000076],[0.16972257000009,49.68889004300007],[0.20888748100009,49.71804670100005],[0.640276845000074,49.86610632900005],[1.073610828000085,49.92721886500004],[1.232497951000084,49.981664772000045],[1.441944455000055,50.10333258800006],[1.548054684000078,50.26666590200006],[1.534165213000051,50.28860704900006],[1.552777616000071,50.359993229000054],[1.60385027500007,50.368792101000054],[1.558055424000088,50.40610887000008],[1.577221679000047,50.52805774400008],[1.564444155000047,50.70582733800006],[1.598095916000091,50.807615448000035],[1.71585635200006,50.717812182000046],[2.022348560000069,50.604561550000085],[2.407675103000088,50.63069173900004],[2.573949309000056,50.70038565400006],[2.728694414000074,50.735239930000034],[3.15715973600004,50.70038565400006],[3.386108415000081,50.61327130900008],[3.528626061000068,50.595852097000034],[3.534528511000076,50.395618685000045],[3.63037653400005,50.23474781600004],[3.872981980000077,50.07407362100008],[4.010037863000093,49.998797214000035],[4.135230052000054,49.953788683000084],[4.798327261000054,49.93378662200007],[5.167884121000043,49.83879137400004],[5.879642051000076,49.788803518000066],[6.369374669000081,49.57892708900005],[6.55033803200007,49.39413294900004],[6.680109314000049,49.339211651000085],[6.835877732000085,49.30426590800005],[6.993218795000075,49.30426590800005],[7.085242836000077,49.25434904600007],[7.138753554000061,49.18946702100004],[7.119284883000091,48.780468631000076],[7.043784325000047,48.506388979000064],[6.71365243200006,48.11803540900007],[6.597673186000065,47.88919354500007],[6.504937766000069,47.75990944900008],[6.373802412000089,47.60085125900008],[6.187398914000084,47.45179496500003],[4.468421748000083,47.56606620100007],[4.132429614000046,47.56606620100007],[3.912909150000075,47.496505684000056],[3.772364920000086,47.342524343000036],[3.72380654300008,47.12904103300008],[3.756310545000076,46.930559954000046],[3.814106170000059,46.756974306000075],[3.830172883000046,46.65286108100008],[3.830307927000092,46.40013368000007],[3.789401468000051,46.23669389600008],[3.650416832000076,46.093123097000046],[3.421907838000038,46.07332449000006],[3.318643307000059,46.14757459200007],[3.240859785000055,46.266404983000086],[3.224328828000068,46.365458749000084],[3.122340207000093,46.51904323500008],[3.056907997000053,46.65286108100008],[2.947850948000053,46.77680864000007],[2.856592145000093,46.86607599800004],[2.733901634000063,46.935520713000074],[2.61012260800004,46.94544242600006],[2.225806645000091,46.94048153700004],[2.064417463000041,46.92063863100009],[1.443543805000047,46.786726196000075],[1.275900852000063,46.72722475100005],[0.841156432000048,46.439766055000064],[0.735723973000063,46.35059903500007],[0.605818043000056,46.286213667000084],[0.41448633400006,46.286213667000084],[0.229453665000051,46.37536554900004],[-0.023748395999917,46.44472039300007],[-0.110299427999962,46.52895404800006],[-0.184647097999914,46.677647350000086],[-0.246817887999953,46.87103591200008],[-0.383664795999948,47.10422520700007],[-0.495817300999931,47.258109568000066],[-0.552178183999956,47.39218889400007],[-0.533855314999926,47.486569511000084],[-0.472057861999929,47.61576012200004],[-0.204672324999933,47.80465663000007],[-0.092568119999953,47.914060945000074],[-0.017749592999962,48.03842250800005],[0.207118595000054,48.17775610400008],[0.226028227000086,48.29224719000007],[0.194930119000048,48.41673343700006],[0.13874377500008,48.55122474500007],[0.013518203000046,48.74059011300005],[-0.09940058299992,48.83032271500008],[-0.281553240999926,48.94501214700006],[-0.589710872999945,49.07470313400006],[-0.92390410999991,49.25934043500007],[-1.075230928999929,49.30426590800005],[-1.18899648699994,49.36417488400008],[-1.209905391999939,49.444485426000085]]]}},{"type":"Feature","properties":{"id":"33","n":"East European Aquifer System"},"geometry":{"type":"Polygon","coordinates":[[[21.05032661100006,56.82401050700008],[21.259752578000075,56.91400281400007],[21.390012434000084,57.013161582000066],[21.413895643000046,57.06067055700004],[21.418883846000085,57.28065327500008],[21.723008376000053,57.56369597400004],[21.861332728000036,57.58785917700004],[21.99937849300005,57.58841325000009],[22.472662954000043,57.72923942500006],[22.58098880500006,57.74646119800008],[22.612931158000038,57.741195504000075],[22.582381918000067,57.66729847500005],[22.593772373000036,57.62508172400004],[22.635439593000058,57.58008021100005],[22.95070004300004,57.41620338800004],[23.135413111000048,57.354262272000085],[23.24097106000005,57.15649202800006],[23.25736514400006,57.08926767400004],[23.34958423200004,57.04344118100005],[23.584293022000054,56.96788507000008],[23.763444123000056,56.959554626000056],[23.953426394000076,57.00261257300008],[24.221449561000043,57.12009965400006],[24.385045507000086,57.221210960000064],[24.41115218300007,57.263985421000086],[24.408647165000048,57.33759215100008],[24.330298052000046,57.689242136000075],[24.29529808300009,57.736189349000085],[24.286124827000037,57.82534698200004],[24.36111314100009,57.96006305900005],[24.454706421000083,58.06727846300004],[24.46914453900007,58.139781321000044],[24.45053368400005,58.17394052700007],[24.470803919000048,58.23838412500004],[24.540521794000085,58.275606621000065],[24.557463295000048,58.31171624700005],[24.456910736000054,58.369490358000064],[24.333586300000036,58.37976428400003],[24.293869679000068,58.34393995700003],[24.285263115000078,58.302828083000065],[24.24415470100007,58.26782347500006],[24.10861589400008,58.22337686100008],[23.97139513400009,58.30698969300005],[23.824462116000063,58.345877994000034],[23.768915637000077,58.33810091300006],[23.677246896000042,58.41671187500003],[23.628910965000046,58.51476182400006],[23.49809173600005,58.55058493900003],[23.49363134400005,58.68529810800004],[23.53696454800007,58.737244230000044],[23.598903178000057,58.72363278200004],[23.873045122000065,58.75974542500006],[23.789435536000042,58.79196756600004],[23.575293043000045,58.77808592400004],[23.49667891100006,58.79974266900007],[23.414184781000074,58.90167696900005],[23.429178970000066,58.93056725800005],[23.575003387000038,58.93834895700007],[23.635827620000043,58.96167722600006],[23.62138241100007,59.006682915000056],[23.55833241600004,59.03862654300008],[23.60999729300005,59.00140640300003],[23.51222574500008,58.97223377700004],[23.45056396700005,58.977518572000065],[23.405289764000088,59.00973137100004],[23.43111829700007,59.05028654900008],[23.480552523000085,59.08056186200008],[23.468602988000043,59.20362057700004],[23.61164950600005,59.23083469100004],[23.72524930700007,59.22083172200007],[23.74302199300007,59.23027609400003],[23.71941061600006,59.26249556800008],[23.74024207800005,59.26971927400007],[23.828844871000058,59.28083905300008],[23.90328423300008,59.26194488600004],[24.041051201000073,59.27722264400006],[24.017439811000088,59.36221186700004],[24.035212713000078,59.38166254500004],[24.103262311000037,59.376663636000046],[24.197144279000042,59.333876484000086],[24.316850240000065,59.416939565000064],[24.327127763000078,59.45526416000007],[24.348511606000045,59.46248306700005],[24.720702034000055,59.44388424500005],[24.78986431700008,59.501382627000055],[24.76958120800009,59.548597235000045],[24.787915716000043,59.55777056100004],[24.85846967200007,59.53665581800004],[24.90734905100004,59.49832576600005],[25.048453496000036,59.50304492100008],[25.119833475000064,59.52443486900006],[25.39036649500008,59.47693379200007],[25.488689210000075,59.552205961000084],[25.47423603100009,59.65414625400007],[25.629784251000046,59.55998842200006],[25.671729799000047,59.55387331600008],[25.713108462000037,59.57054026800006],[25.667002223000054,59.644701212000086],[25.692272075000062,59.65942488700006],[25.87087580800005,59.589978700000074],[25.977810049000084,59.62386927600005],[26.075856913000052,59.59165042300003],[26.260846865000076,59.57692775900006],[26.477773985000056,59.52498636200005],[26.58665668200007,59.55025939600006],[26.648313216000076,59.54442441300006],[26.84747192800006,59.46054607700006],[26.96246147700009,59.436102266000034],[27.424925234000057,59.43943367500003],[27.878221718000077,59.39888284500006],[27.97570933600008,59.431657046000055],[28.06069730900009,59.52776334200007],[28.057914167000035,59.601381709000066],[27.98985687800007,59.68497118600004],[28.00624539200004,59.749983461000056],[28.077898203000075,59.78748297000004],[28.18483350200006,59.74914656700008],[28.22038890300007,59.676916463000055],[28.371770621000053,59.652198001000045],[28.41398662100005,59.68636780300005],[28.412593745000038,59.771083892000036],[28.429809444000057,59.80942042600003],[28.498134260000086,59.84858821700004],[28.668683043000044,59.80414136400003],[28.715622239000083,59.772757315000035],[28.836167378000084,59.77580970300005],[28.978650576000064,59.82080591000005],[29.032256011000072,59.86830285900004],[29.036970933000077,59.924961085000064],[29.060300792000078,59.96023897800006],[29.18474725100009,59.99800182800004],[29.789130946000057,59.92690715500004],[30.065500936000035,59.85941621100005],[30.17743659100006,59.86052472000006],[30.21104149900009,59.88080591700003],[30.243249654000067,59.96634679300007],[30.17603297800008,59.988568985000086],[29.94579979300005,60.016321245000086],[29.890243362000035,60.07854009700009],[29.89523967300005,60.12242235700006],[29.821638843000073,60.159369154000046],[29.719138057000066,60.18325138200004],[29.57748595700008,60.18963671500006],[29.476380447000054,60.177412709000066],[29.407223876000046,60.14992352500008],[29.029204400000083,60.174914207000086],[28.79032080500008,60.32657856900005],[28.630053328000088,60.362683479000054],[28.567845573000056,60.40661230400008],[28.710944236000046,60.393700273000036],[28.910868549000043,60.448497606000046],[29.10493546400005,60.481386556000075],[29.358167552000054,60.54718627800008],[29.518189264000057,60.63496793400003],[29.840280418000077,60.68985899200004],[30.28727944700006,60.80519956300003],[31.051930034000065,60.03803409400007],[31.212517021000053,59.934466977000056],[31.31396340300006,59.84741201300005],[31.44509760400007,59.83653306500008],[31.619214510000063,59.87461200600006],[31.74032999900004,59.994341520000035],[31.784524843000042,60.07082776000004],[31.942605781000054,60.054429689000074],[32.09655439200009,59.97801015200008],[32.369029382000065,59.98889775500004],[32.53455528100005,60.04349946600007],[32.77867277200005,60.19113446500006],[32.824638452000045,60.338924175000045],[32.98667374900009,60.47042272200008],[33.072224162000055,60.65143289300005],[32.92367699200008,60.926134226000045],[32.81011439700006,61.04166847600004],[32.69967923100006,61.19035246700008],[32.77766815200005,61.30059014900007],[32.84559286700005,61.333678098000064],[33.086250594000035,61.25648481300004],[33.279811857000084,61.25648481300004],[34.07443624400008,61.50125738300005],[34.552053373000035,61.51876981500004],[34.97124637500008,61.401187648000075],[35.160180755000056,61.26563816100008],[35.43459648800007,61.17534425600007],[35.69718163200008,60.94986311700006],[36.101532434000035,60.832755648000045],[36.42327851600004,60.94986311700006],[36.58803663200007,61.38310678100004],[36.76389524500007,61.54591794000004],[37.103755566000075,61.73610396200007],[37.769448612000076,61.90839987800007],[38.112663533000045,62.035490940000045],[38.37241157600005,62.18997110100008],[38.679899471000056,62.280921886000044],[38.97037855700006,62.32641923400007],[39.38938694700005,62.33552025100005],[39.70411735500005,62.38103600900007],[39.85591977000007,62.55413021700008],[39.94524306800008,62.718312680000054],[39.90471595000008,62.85527984700008],[39.54025153400005,63.13877452500003],[39.27601046800004,63.376991761000056],[39.23499409600004,63.514611562000084],[39.081065194000075,63.670747116000086],[38.816812835000064,63.76267332000003],[38.45569044400008,63.854661398000076],[37.98870808800007,63.945118912000055],[38.07387511600007,64.00800235000008],[38.08275863000006,64.04049747900007],[38.039983008000036,64.14521276200009],[37.89941881500005,64.21825328900007],[37.975232392000066,64.30743068100008],[37.81024975300005,64.37491716000005],[37.797466015000055,64.41823186800008],[37.68497267200007,64.41352594600005],[37.55721370300006,64.37491716000005],[37.338348583000084,64.34185320700004],[37.141144620000034,64.39963655800005],[36.725593159000084,64.70683432600003],[36.66476667000006,64.72822645500008],[36.551159779000045,64.73544722400004],[36.43115805800005,64.92543527100008],[36.47809378900007,64.94182250300008],[36.64252533600006,64.91182197400008],[36.826947809000046,64.97876253200008],[36.863865875000045,65.06706768900005],[36.85664515900004,65.11230921900005],[36.82969500100006,65.15147490200007],[36.86690785400009,65.17480456300007],[37.028555775000086,65.19898772700003],[37.46962999800007,65.11481423600009],[37.686567041000046,65.04649831900008],[37.74184214400009,65.01594532200005],[37.74852475800009,64.99430772700003],[37.73435462300006,64.96959503700003],[37.750751054000034,64.95099710300008],[38.000461072000064,64.86126366600007],[38.151828142000056,64.839883],[38.40486014500004,64.84960264500006],[38.36153947400004,64.79766484200007],[38.25266764700007,64.76989493300005],[38.03991557200004,64.75628336400007],[38.03214539900006,64.63628622300007],[38.04326150600008,64.63185070300005],[38.15879102300005,64.66211324100004],[38.15795842400007,64.69156275500006],[38.18433810300007,64.70879612100003],[38.32405478000004,64.74433943700006],[38.48708934800004,64.75212149300006],[38.53291395000008,64.78906050500007],[38.92843152100005,64.73433603600006],[39.55005913400004,64.55239703800004],[39.74226629000009,64.54433966100004],[39.86473986000004,64.58102302500004],[39.833914839000045,64.59379390500004],[39.782537593000086,64.58545690000005],[39.82474331600008,64.66211324100004],[40.053894265000054,64.61184255800003],[40.17416942600005,64.54768174600008],[40.501918222000086,64.52601804400007],[40.523577507000084,64.53518748500005],[40.529136290000054,64.55963120000007],[40.46357615900007,64.62379879500008],[40.408842648000075,64.71572945600008],[40.40662132500006,64.73821926500005],[40.45023288800007,64.75657045600008],[40.36327134900006,64.92514364200008],[40.27131919200008,65.00538565200009],[40.13466050900007,65.04398586000008],[39.94993341500009,65.20732139800003],[39.77882787400006,65.31009568100006],[39.714108389000046,65.36896621200003],[39.69909762000009,65.44951767400005],[39.74742375900007,65.54144067900006],[39.80823460300007,65.58423095200004],[39.91183321600005,65.62367366500007],[40.40870668200006,65.76699399900008],[40.69920921100004,65.95865144500004],[41.00362620700008,65.99001267400007],[41.35107863700006,66.05307182400009],[41.42079460200006,66.08029003900003],[41.80044365100008,66.25611493500008],[42.16399035900008,66.51332189200008],[42.23176591300006,66.51802515100007],[42.58117713900003,66.45443255200007],[42.66645571400005,66.42304292700004],[42.652008472000034,66.40304532100004],[42.66534799600004,66.38693674700005],[43.06919333800005,66.41498684000004],[43.29528260600006,66.41277710500003],[43.34416711500006,66.37276144700007],[43.64220491400005,66.27333560800008],[43.693033676000084,66.22638209000007],[43.63055222700007,66.19362258200005],[43.51556094700004,66.17223150400008],[43.288660554000046,66.08834902600006],[43.35032411700007,66.02918291500004],[43.51004281300004,65.96251723900008],[43.52086130300006,66.01251960700006],[43.510308740000085,66.03224530000006],[43.394761773000084,66.04890741100007],[43.37865078400006,66.06725180900008],[43.49501546600004,66.12501674000004],[43.688045824000085,66.16805337700004],[43.853587178000055,66.16750205300008],[44.04802479300008,66.06613139100006],[44.05303259100003,66.05250713800007],[44.016922359000034,66.01419364400004],[44.024419858000044,65.99391596400005],[44.169986890000075,65.86529810000008],[44.145249222000075,66.03891250400005],[44.07607017200007,66.14778802400008],[44.07189998800004,66.19112041100004],[44.15984096800008,66.36337757500007],[44.25295984300004,66.45136726700008],[44.35043391500005,66.48553416800007],[44.39569208100005,66.61217935000008],[44.47845009400004,66.66469036900008],[44.353733043000034,66.77579073500004],[44.47731543200007,66.81829600600008],[44.49175569200008,66.89800795000008],[44.475354044000085,66.93965177600006],[44.41119114800006,66.99828156300003],[44.34508647900009,67.02021069000006],[44.14397620400007,67.15519097200007],[44.03176480700006,67.16964241000005],[43.88983447900006,67.15047741100005],[43.77845422900003,67.18407312500005],[43.751231948000054,67.21463941600007],[43.747327022000036,67.30935740000007],[43.78287228700009,67.38352337800006],[44.02002188100005,67.64959351400006],[44.060846333000086,67.67320333100008],[44.09445807600008,67.66903144000008],[44.12332476900008,67.79096995800006],[44.07860466900007,67.83236246200005],[44.07998473500004,67.86929028200007],[44.098875096000086,67.88208861100009],[44.19664088500008,67.88153331000007],[44.26190731300005,67.91485219000003],[44.216349954000066,67.92678999800006],[44.12080782700008,67.92069593800005],[44.241023323000036,68.26065264500005],[44.178521867000086,68.30564623900005],[43.996592631000055,68.38314219200004],[43.68465349000007,68.46285841900004],[43.350232324000046,68.58868757200008],[43.27411985700007,68.63146067100007],[43.25635183600008,68.65701179800004],[43.38216703000006,68.67838643700009],[43.490207447000046,68.66672887000004],[43.915732828000046,68.55479542100005],[44.06849710600005,68.52924983600008],[44.175711515000046,68.52451329900003],[44.880072978000044,68.56924574500005],[45.25919944700007,68.56479679700004],[45.89829883900006,68.47258117400008],[45.96163891500004,68.44092207600005],[45.934695737000084,68.43257478500004],[45.93608601600005,68.41841294300008],[46.02470871400004,68.31427157600007],[46.27025540100004,68.19982189400008],[46.34636618600007,68.20093646200007],[46.51579802100008,68.13455384200006],[46.54441573100007,68.07706795400009],[46.530809255000065,68.03844623500004],[46.56192675600005,67.98735029200003],[46.64942421400008,67.92622952500005],[46.71663855500009,67.91095345200006],[46.70193850700008,67.80346782900006],[46.65749528900005,67.79458686500004],[46.40391129500006,67.81791385400004],[45.83314088600008,67.76293709800007],[45.61650064600008,67.75958504200008],[45.37764885900003,67.72597603300005],[45.29183119500004,67.69321898400005],[45.34877239400004,67.66764536200003],[45.323785360000045,67.59126229700007],[45.28990121500004,67.57545296300003],[45.14824346000006,67.56822433600007],[44.94717269700004,67.47239458500007],[44.91691177700005,67.42378742800008],[44.90913976400009,67.34906852400007],[45.12051620900007,67.27076038900003],[45.59521390500004,67.16270846600008],[45.62798563700005,67.13215275500005],[45.639110093000056,67.06937695200008],[45.70438926700007,67.01798354700009],[45.806340565000085,66.89438405900006],[46.02438122500007,66.81606389900008],[46.27546837600005,66.82717969000004],[46.505991995000045,66.86660007800003],[46.595988627000054,66.84383904200007],[46.59459837700007,66.82328267900004],[46.51211568600007,66.80300572500005],[46.38075070600007,66.73022845000008],[46.49434644300004,66.75441835300006],[46.54433314700009,66.79828506500007],[46.58404673300004,66.80939901000005],[46.91900807400003,66.83217594000007],[47.35895525600006,66.91300426800007],[47.49254276900007,66.90605333000008],[47.593369213000074,66.92909360800007],[47.730200988000036,67.00587981400008],[47.89592897400007,66.87717347200004],[48.10168568800003,66.58328897400008],[48.30725941700007,66.19269033500007],[48.384933010000054,65.90066841500004],[49.087912473000074,65.49315926900005],[49.12902256500007,65.28031225100005],[49.060197911000046,64.95240054200008],[49.06863149000009,64.62662284300006],[49.21860528700006,64.28252324900006],[49.56707748400004,64.03454158200003],[49.71927053300004,63.84408988900003],[49.867037302000085,63.59689519700004],[50.22164040800004,63.463973389000046],[50.698736014000076,63.426019190000034],[51.359097802000065,63.40704599500003],[51.73100718000006,63.21745696800008],[52.196418761000075,63.160630834000074],[52.42328901800005,63.028127048000044],[52.734653725000044,63.009208267000076],[52.96898339300009,62.70685784300008],[53.39583481600005,62.537074302000065],[53.727753490000055,62.32984186900006],[54.004170411000075,62.06653615500005],[54.634849330000065,61.691243814000075],[54.86593970200005,61.48526103800003],[55.208055493000074,61.26089699400006],[55.42516982300003,61.167517657000076],[55.56346795300004,61.01823959500007],[55.840151451000054,61.03689069200004],[56.01213301200005,60.906384879000086],[56.31484080600006,60.794618925000066],[56.56070417400008,60.75738329500007],[56.83841875000007,60.64573536200004],[56.908618483000055,60.55276285600007],[56.809044218000054,59.92243530700006],[56.77819554100006,59.55396104200008],[56.71244860000007,59.29648199300004],[56.690211272000056,58.984327256000086],[56.831355751000046,58.80096109200008],[57.07172523100007,58.58116932300004],[57.51936738400008,58.30680805900005],[57.61263480000008,58.12413328000008],[57.86699059500006,58.06936704900005],[58.106387733000076,57.94164402300004],[58.32633329300006,57.77756184700007],[58.50345516300007,57.577219823000064],[58.73236384000006,57.43165629300006],[58.917357862000074,56.97752546600003],[58.98697526700005,56.70559356700005],[59.22077206500006,56.16295102300006],[59.51365490900008,55.96438780700004],[59.691106511000044,55.67595501100004],[59.633408358000054,55.42395048600008],[59.44397022800007,55.136371],[59.25420414800004,54.939127943000074],[59.02770817900006,54.760387463000086],[58.714211367000075,54.63534673200007],[58.389854134000075,54.43898301400009],[58.212680411000065,54.40329741700003],[57.65589967000005,54.38545656600007],[57.45958404400005,54.26060638100006],[57.257858371000054,54.17146696100008],[57.068845,54.01109754400005],[56.97166383700005,53.85083278600007],[56.865178584000034,53.61952360300006],[56.90832133100008,53.428413025000054],[56.902584741000055,53.228572058000054],[56.83285891500003,52.922463777000075],[56.948696243000086,52.80278582700004],[57.159161460000064,52.63002000600005],[57.398138352000046,52.48392763500004],[57.42365748800006,52.35119170200005],[57.56586732800008,52.13896187200004],[57.546594016000086,51.97990887800006],[57.64427333800006,51.74152049700007],[57.55850759100008,51.54303862100005],[57.30156759500005,51.52981228900006],[56.89406413900008,51.556265658000086],[56.519967603000055,51.62241252600006],[56.08967388700006,51.675342398000055],[54.90237611400005,51.966658660000064],[54.25574846100005,52.231789604000085],[53.517970209000055,52.44409914900007],[52.960252161000085,52.52376254200004],[52.538321170000074,52.52376254200004],[52.21922430700005,52.44409914900007],[51.64264341000006,52.13896187200004],[51.134246192000035,51.91366653100005],[50.53103229000004,51.609181411000066],[50.17287199700007,51.50336119200006],[49.74567568700007,51.34471544300004],[49.35350783700005,51.27864310100006],[48.91641686100007,51.22579777300007],[48.57019952700006,51.23900791400007],[48.15966417200008,51.21258833500008],[47.53393674600005,51.23900791400007],[46.93386948700004,51.29185605300006],[46.482413671000074,51.437246608000066],[46.06536650600003,51.49013697600009],[45.68549324500009,51.357932462000065],[45.39355295300004,51.18617101800004],[45.176607206000085,50.935349503000054],[45.02196749400008,50.513483517000054],[44.79568537700004,50.118631803000085],[44.62452606700003,49.72527001100008],[44.30233046600006,48.757727583000076],[43.60934479800005,48.40532303800006],[43.14197006200004,48.027181072000076],[42.545322816000066,47.70149977400007],[41.78667262500005,47.61035927100005],[41.10282753000007,47.67545769700007],[40.61209460800006,47.545272595000085],[40.26502139200005,47.33707005400004],[39.665621152000085,47.15498705500005],[39.366685930000074,47.38910994500009],[39.497739230000036,47.649416873000064],[39.56392517200004,47.844764911000084],[39.52612583300004,48.07931608600006],[39.13528439900006,48.40532303800006],[38.77556555500007,48.601062735000085],[38.556628136000086,48.836084163000066],[38.293871858000045,48.90139385300006],[38.02079739000004,48.79690356500004],[37.12646281900004,48.90139385300006],[36.34554268800008,49.07125281900005],[35.68000618600007,49.11046142300006],[34.81038981200004,49.123532408000074],[33.98691875700007,49.26733885900006],[33.21257747100009,49.489692991000084],[32.45148939500007,49.85621037200008],[31.660450947000072,50.17124254500004],[31.226500170000065,50.30286963900005],[30.840207717000055,50.47784985200008],[30.38305229200006,50.74379542400004],[30.110699881000073,50.997032587000035],[29.740155127000037,51.21801381000006],[29.24349002000008,51.393638673000055],[28.590237526000067,51.49777182300005],[28.296302220000086,51.62799920900005],[27.68706380100008,51.63451267600004],[27.24468451200005,51.569388451000066],[26.761167775000047,51.667080929000065],[26.489131384000075,51.87562035700006],[26.393023032000087,52.09738607300005],[26.220172278000064,52.391205342000035],[26.005885293000063,52.64613193800005],[25.79744196000007,52.97334565400007],[25.63313091400005,53.15022203500007],[25.374774209000066,53.235429887000066],[25.178582461000076,53.34034190700004],[24.861060018000046,53.42561556900006],[24.51420943000005,53.57655697900003],[24.09490663300005,53.83271262900007],[23.842646959000035,54.00363150000004],[23.55924331500006,54.23390309000007],[23.210245114000088,54.609379179000086],[22.96818700400007,54.80063235800009],[22.64457334000008,55.01188425600009],[22.196610194000073,55.06489918900007],[21.862171663000083,55.18423849900006],[21.57701953600008,55.25057213600007],[21.413977143000068,55.383311767000066],[21.31517033600005,55.49621616100006],[21.186580682000056,55.728886560000035],[21.064582878000067,55.75035855600004],[21.056773367000062,55.77295544400005],[21.04148674000004,55.90794337900007],[21.065095290000045,55.96904897400003],[21.058982679000053,56.041268771000034],[21.024252611000065,56.147372551000046],[20.987308168000084,56.181256086000076],[20.973697895000043,56.221256683000036],[20.967023183000038,56.35486804300007],[20.993956436000076,56.499587387000076],[21.027016048000064,56.49930384000004],[21.04284871200008,56.449584547000086],[21.067011979000085,56.426802500000065],[21.025063086000046,56.60540451400004],[21.063110993000066,56.73401099600005],[21.05032661100006,56.82401050700008]]]}},{"type":"Feature","properties":{"id":"34","n":"North Caucasus Basin"},"geometry":{"type":"Polygon","coordinates":[[[36.574258661000044,45.18415392400004],[36.72675582900007,45.19498044100004],[36.95867938100008,45.26665901600006],[36.96479695800008,45.30192315800008],[36.77785266800004,45.376377551000076],[36.71702873300006,45.35359476800005],[36.68563484900005,45.32164762900004],[36.66146192000008,45.322483995000084],[36.74341489400007,45.40330891500008],[36.828962657000034,45.42830176600006],[37.10422796600005,45.330538139000055],[37.06367383300005,45.249163329000055],[37.07534706100006,45.228048657000045],[37.31672643400009,45.26332534200009],[37.203394449000086,45.29082271300007],[37.202288725000074,45.31581623400007],[37.395890904000055,45.30803705900007],[37.516695663000064,45.35470589500005],[37.59476228700004,45.32387023700005],[37.60309758900007,45.30498681500006],[37.73197240700006,45.28860836000007],[37.73891559000003,45.374700284000085],[37.69724495500009,45.55302336600005],[37.63957667100004,45.58247429000005],[37.61974088200009,45.56359415500003],[37.645574716000056,45.51191819700006],[37.64391685000004,45.441083776000085],[37.617255269000054,45.406090058000075],[37.58197739500008,45.41720193300006],[37.58945731300008,45.619130314000074],[37.62168882100008,45.65831409400005],[37.66439877800008,45.60691680500008],[37.70195546400004,45.61052783100007],[37.66112943600007,45.66081358400004],[37.80110650100005,45.72691884100004],[37.83833697300008,45.75913845400004],[37.87499915800004,45.83052467400006],[37.91081792500006,45.97913849400004],[37.93830875400005,46.01747630300008],[38.050257689000034,46.05079281600007],[38.09218386400005,46.045245874000045],[38.06858775300009,45.945253266000066],[38.09358249600007,45.936635857000056],[38.161904752000055,46.098859651000055],[38.22357265100004,46.127740488000086],[38.26217610500004,46.12525031200005],[38.44355329500007,46.01913163900008],[38.56105431000009,46.02607939200004],[38.563274679000074,46.096352968000076],[38.294115229000056,46.20830108600006],[38.263847567000084,46.266912526000056],[38.08938914300006,46.37967207000008],[37.97828660600004,46.38745651800008],[37.97245508100008,46.37773487700008],[38.01441206900006,46.35717396400008],[37.994964613000036,46.335516331000065],[37.90218324300008,46.393847193000056],[37.81885033300006,46.47550919400004],[37.737177580000036,46.66300502300004],[37.83772500900005,46.615792696000085],[38.01411515700005,46.61050445700005],[38.115487819000066,46.671067160000064],[38.26603204400004,46.71771883200006],[38.30047396800006,46.668849058000035],[38.38575606100005,46.64440008300005],[38.46436875400008,46.631341785000075],[38.57963391000004,46.64246153600004],[38.591014219000044,46.658568925000054],[38.58240609500007,46.684944622000046],[38.490466437000066,46.729120582000064],[38.401290164000045,46.73216610600008],[38.38630812300005,46.72412370900008],[38.387137463000045,46.698283669000034],[38.37519825500004,46.701066225000034],[38.36269599700006,46.740785422000044],[38.40878718300007,46.81967293300005],[38.468510956000046,46.851894833000074],[38.69571891700008,46.85245448200004],[38.77544162000004,46.87355716700006],[39.07679776800006,47.02049198900005],[39.26762857700004,46.99938975400005],[39.665621152000085,47.15498705500005],[40.26502139200005,47.33707005400004],[40.61209460800006,47.545272595000085],[41.10282753000007,47.67545769700007],[41.78667262500005,47.61035927100005],[42.545322816000066,47.70149977400007],[43.14197006200004,48.027181072000076],[43.60934479800005,48.40532303800006],[44.30233046600006,48.757727583000076],[44.29877595100004,48.59937758800004],[44.52492098500005,48.31548419200004],[44.61035411900008,48.07906943100005],[44.75060417600008,47.908942428000046],[44.86341280100004,47.64445262400005],[45.02625526500009,47.38958404600004],[45.27509584100005,47.229199307000044],[45.60605691900008,46.94633312500008],[46.00057080800008,46.560090707000086],[46.37344842500005,46.30595072300008],[46.557338869000034,46.089595331000055],[46.99649402300008,45.70422390500005],[47.15200107800007,45.43187997600006],[47.30291611200005,45.22540430200007],[47.11895605500007,45.02841837800008],[46.794484960000034,44.74777615600004],[46.73519741500007,44.57949480800005],[46.751098580000075,44.42995029300005],[46.99406767000005,44.34584758300008],[47.16210416700005,44.24307109800009],[47.31429637800005,44.08426869200008],[47.35231877500007,43.97219770500004],[47.50189147800006,43.804129723000074],[47.47697196200005,43.58944336800005],[47.52680145800008,43.39349115300007],[47.49122739100005,43.17894877200007],[47.52483303000008,43.04839455300004],[47.660891425000045,42.87125832800007],[47.702649017000056,42.684854459000064],[47.15597611900006,42.78736956900008],[46.648166985000046,42.908545909000054],[46.211470664000046,42.908545909000054],[44.697214236000036,42.96448153500006],[44.31785760200006,42.96448153500006],[43.91331999600004,43.00177479000007],[43.63562137400004,43.22558202500005],[43.24251883000005,43.496124965000035],[43.00151633400009,43.822801663000064],[42.63505502700008,44.065588768000055],[42.06357390200009,44.09360886800005],[41.630827958000054,44.07492865900008],[40.85287866800007,44.15899409700006],[40.34250076900008,44.29912885600004],[39.639229508000085,44.411259801000085],[38.71706115300009,44.682327901000065],[38.07013735700008,44.89739851100006],[37.589523506000035,44.98157720000006],[37.23994285400005,44.945772299000055],[37.19448572300007,44.97528474500007],[36.880363689000035,45.07748226700005],[36.70897767900004,45.091375208000045],[36.627598059000036,45.11692561800004],[36.574258661000044,45.18415392400004]]]}},{"type":"Feature","properties":{"id":"19","n":"Amazon Basin"},"geometry":{"type":"MultiPolygon","coordinates":[[[[-77.93025575699994,-1.487499703999958],[-77.73695887299994,-1.260309738999922],[-77.67821573099991,-1.108849937999935],[-77.35170838899995,-0.797515754999949],[-77.1306847649999,-0.444109200999947],[-77.1301338859999,-0.267406186999949],[-77.07268230099993,0.06075715500009],[-77.16824596399994,0.271117960000083],[-77.17820171499994,0.414163182000038],[-77.1028608499999,0.607695355000089],[-77.08494387299993,0.792812948000062],[-77.00050028499993,0.961101909000092],[-76.86810296899995,1.070489338000073],[-76.65925332699993,1.146219503000054],[-76.49862936599993,1.272436092000078],[-76.37544860499992,1.331337096000084],[-75.77625915099992,1.415481313000043],[-75.6331526859999,1.398652681000044],[-74.99288161999993,1.221949667000047],[-74.66742859199991,1.062075286000038],[-74.36199885499991,0.994759702000067],[-74.05622939099993,0.876957693000065],[-73.56016978399992,0.775984316000063],[-73.2457009009999,0.759155156000077],[-72.14862973999993,0.439406921000057],[-71.33861143999991,0.338433545000044],[-70.50948837099992,0.14490137100006],[-70.30942863799993,0.128072739000061],[-70.0140808189999,-0.065459433999933],[-70.00568379899994,-0.536667997999928],[-69.8545442969999,-0.780686595999953],[-69.56032214599992,-0.940560976999961],[-69.00818175499995,-0.991047928999933],[-68.0434850119999,-0.570325789999913],[-67.80519278699995,-0.536667997999928],[-67.59569272199991,-0.553497156999924],[-67.40599540099993,-0.721785590999957],[-67.32112918099995,-0.86483133999991],[-67.2370914139999,-1.092020777999949],[-67.23893199299994,-1.293967530999907],[-67.2026903389999,-1.470670544999962],[-67.13789293499991,-1.630544925999914],[-66.96661299499993,-1.647374085999957],[-66.80433618199993,-1.622130345999949],[-66.59259518199991,-1.43701275199993],[-66.39105706099991,-1.293967530999907],[-66.1504152249999,-1.007876560999932],[-65.89158583299991,-0.763857962999907],[-65.64381255499995,-0.747028802999921],[-65.26212939499993,-0.620812213999955],[-64.63283738199993,-0.477766992999932],[-64.03208857399994,-0.242162974999928],[-63.73678824199993,-0.242162974999928],[-63.51774089899993,-0.267406186999949],[-63.185180602999935,-0.553497156999924],[-62.98538109099991,-0.61239816199992],[-62.776788437999926,-0.805930334999914],[-62.53914235399992,-0.89007455199993],[-62.23598305899992,-1.125678569999934],[-61.90383641999995,-1.277138370999921],[-61.60936720099994,-1.369697167999959],[-61.44815620799994,-1.445427331999952],[-61.31685908299994,-1.638959505999935],[-61.25250657299995,-1.832491678999929],[-61.09163210299994,-1.916635895999946],[-60.84528352299992,-2.017609271999959],[-60.6168471389999,-2.034437904999947],[-59.950002172999916,-2.042852484999912],[-59.243573031999915,-1.94187910799991],[-58.98525081699995,-1.85773489099995],[-58.59117597799991,-1.554815288999919],[-58.333100749999915,-1.470670544999962],[-58.00870337999993,-1.420184119999931],[-57.597304668999925,-1.218237366999915],[-57.04375824899995,-1.083606724999925],[-56.40520196999995,-1.041534352999918],[-56.01473340299992,-1.058362985999906],[-55.777221906999955,-1.150921781999955],[-55.539182798999946,-1.167750941999941],[-55.18795251499995,-1.32762532299995],[-54.66412198599994,-1.344453955999938],[-54.13055418899995,-1.336039902999914],[-53.30785648199992,-0.814344387999938],[-52.65890351299993,-0.519839364999939],[-52.33478293099995,-0.435694620999925],[-51.91544887799995,-0.351550403999909],[-51.505583661999935,-0.191676022999957],[-51.429315026999916,-0.124360438999929],[-51.24828686399991,-0.048630801999934],[-51.102264318999914,-0.061899155999924],[-51.17249663599995,-0.097497718999932],[-51.203055383999924,-0.097497718999932],[-51.25861476099993,-0.142774288999931],[-51.34971688399992,-0.276385220999941],[-51.381391753999935,-0.368052496999951],[-51.45000395299991,-0.484719268999925],[-51.51500830099991,-0.536108291999938],[-51.700003789999926,-0.752497673999926],[-51.72306356899992,-0.907497706999948],[-51.71250442899992,-1.026663372999906],[-51.84111397799995,-1.143052664999914],[-51.920006462999936,-1.166385174999959],[-51.935836131999906,-1.204163478999931],[-51.916383684999914,-1.29444124999992],[-51.92833564099993,-1.337774410999941],[-52.0055587839999,-1.404163658999948],[-52.06750342299995,-1.419997375999912],[-52.13166536099993,-1.405552636999914],[-52.19333699799995,-1.348608228999922],[-52.23250744699993,-1.34527425999994],[-52.43806035299991,-1.441108469999961],[-52.47639590099993,-1.490552501999957],[-52.70723004899992,-1.561108683999919],[-52.7127793599999,-1.60333034599995],[-52.28527644499991,-1.533608711999932],[-52.23445297299992,-1.581385758999943],[-52.21456622199992,-1.678402683999934],[-52.0097303629999,-1.61583062099993],[-51.8774991169999,-1.556108256999948],[-51.67000142299992,-1.404719671999942],[-51.488889327999914,-1.347774208999908],[-51.25722310899994,-1.218330210999909],[-51.20472395099995,-1.134163310999952],[-51.03166839699992,-1.041663596999911],[-50.992783438999936,-0.99860844299991],[-51.009171961999925,-0.949163355999929],[-50.99222422899993,-0.925274304999959],[-50.922784115999946,-0.910830620999945],[-50.84750354499994,-0.916385478999928],[-50.816671483999926,-0.938885551999931],[-50.80222048099995,-1.173885550999955],[-50.835838716999945,-1.333608531999914],[-50.81667052699993,-1.439719491999938],[-50.76250340799993,-1.548052394999957],[-50.68055687899994,-1.630274303999954],[-50.66389289499995,-1.767774163999945],[-50.77833403799991,-1.886108447999959],[-50.81472435699993,-1.898330187999932],[-50.874998873999914,-1.862774354999942],[-51.06750550499993,-1.81083037399992],[-51.13334010199992,-1.818885707999925],[-51.262223616999904,-1.755274416999953],[-51.28417212499994,-1.721663573999933],[-51.2813946519999,-1.679163377999942],[-51.336946534999925,-1.646941513999934],[-51.48278129599993,-1.893608295999911],[-51.521948907999956,-2.046386386999927],[-51.478888544999904,-2.238886717999947],[-51.45195122799993,-2.273608530999923],[-51.37861838899994,-2.332497402999934],[-51.45472903599995,-2.244441574999939],[-51.480834692999906,-2.068886459999931],[-51.307501775999924,-1.763608284999918],[-51.16027690599992,-1.842774230999908],[-51.15333797599993,-1.871663708999961],[-50.99139604399994,-2.026386790999936],[-51.00917291299993,-2.16471961499991],[-51.04917470599992,-2.19360856499992],[-51.02916788999994,-2.344997149999926],[-50.99444505799994,-2.419441203999952],[-50.92444509899991,-2.466108334999944],[-50.87500006099992,-2.475552646999915],[-50.84611409599995,-2.508608530999936],[-50.86139083199993,-2.46888681799993],[-50.91750311499993,-2.449719659999914],[-51.001113603999954,-2.368886728999939],[-50.9838918879999,-2.066108502999953],[-50.92444761599995,-1.989441451999937],[-50.840004345999944,-2.039441495999938],[-50.788613924999936,-2.108608171999947],[-50.79083811499993,-2.183330759999933],[-50.706390634999934,-2.220552523999913],[-50.700840230999916,-2.200552399999935],[-50.76389049099993,-2.123608396999941],[-50.80167129299991,-2.043608430999939],[-50.82361426499995,-1.962774443999933],[-50.67795345399992,-1.810440530999927],[-50.57417224599993,-1.816386812999951],[-50.45472797299993,-1.854719547999935],[-50.42195362299992,-1.901386678999927],[-50.45889134399994,-1.913608418999956],[-50.47000247699992,-1.935552478999909],[-50.41638503899992,-1.952219687999957],[-50.35388523899991,-1.943052327999908],[-50.2650054099999,-1.883052484999951],[-49.999168228999906,-1.819997206999915],[-49.8416670659999,-1.902774601999909],[-49.63611236699995,-1.875274629999922],[-49.57000549999992,-1.849163635999957],[-49.45083562499991,-1.749997565999934],[-49.28972264399994,-1.708330333999925],[-49.275283635999926,-1.729441428999905],[-49.281671496999934,-1.781663416999947],[-49.366669387999934,-1.921941232999927],[-49.44833487699992,-2.184997744999919],[-49.50583618499991,-2.257497862999912],[-49.50639531599995,-2.314441215999921],[-49.469450357999904,-2.40610849199993],[-49.49000336599994,-2.564997452999933],[-49.43500387599994,-2.493608306999931],[-49.430557017999945,-2.383608418999927],[-49.33445331599995,-2.204719333999947],[-49.264725100999954,-2.003330176999953],[-49.19055992299991,-1.898052708999955],[-49.09389439499995,-1.854719547999935],[-49.0083415279999,-1.854163534999941],[-48.960280207999915,-1.833608452999954],[-48.91445080199992,-1.753330479999931],[-48.81778063099995,-1.644441563999919],[-48.7350085569999,-1.503416769999944],[-48.731157752999934,-1.613716292999925],[-48.751629356999956,-1.765176094999958],[-49.164553689999934,-2.068095696999933],[-49.31057910399994,-2.320528874999923],[-49.390888264999944,-2.615034424999919],[-49.57477262999993,-2.800152017999949],[-49.57736735299994,-2.960026398999958],[-49.533345641999915,-3.17038720499994],[-49.536429856999916,-3.338675637999927],[-49.79491147299996,-3.39757716999992],[-50.01562760499991,-3.473306806999915],[-50.48271097499992,-3.473306806999915],[-50.67235395599994,-3.42282038299993],[-50.973651924999956,-3.229288208999947],[-51.17318264399995,-3.195630416999961],[-51.40193431199992,-3.195630416999961],[-51.860718618999954,-3.262946001999921],[-52.215203870999915,-3.355504797999913],[-52.417422478999924,-3.456478174999916],[-52.656957716999955,-3.515379178999922],[-52.791485647999934,-3.565865603999953],[-52.90733469799994,-3.633181187999924],[-53.18547121499995,-3.708911352999905],[-53.54450135899992,-3.978173162999951],[-53.70886010699991,-4.070731959999932],[-54.151984815999924,-4.24743497299994],[-54.4957083729999,-4.264264132999926],[-54.73188744899994,-4.180119388999913],[-55.00862966199992,-4.188533968999934],[-55.17161790599994,-4.22219176099992],[-55.53136139599991,-4.474624938999909],[-55.627204813999924,-4.491453570999909],[-55.8487281269999,-4.567183734999958],[-56.355679780999935,-4.617670159999932],[-56.58583160199993,-4.659742531999939],[-56.7216524719999,-4.735472695999931],[-57.01993605899992,-4.819616912999948],[-57.15720995699991,-4.937418921999949],[-57.301381884999955,-4.971076713999935],[-57.3816560329999,-5.114122462999944],[-57.48908566099993,-5.206681259999925],[-57.6310497099999,-5.164608887999918],[-57.77188701499995,-5.080464670999959],[-57.925880338999946,-5.130951094999944],[-58.0808109969999,-5.21509531199996],[-58.25722139599992,-5.383384272999933],[-58.422292917999926,-5.484357649999936],[-58.531893124999954,-5.644232030999945],[-58.69610333599991,-5.711547087999918],[-58.87917623499993,-5.770448619999911],[-59.20414358799991,-5.78727725199991],[-59.446450489999904,-5.593745078999916],[-59.5908339099999,-5.635817450999923],[-59.88350624399993,-5.846178256999906],[-60.002494974999934,-5.989224005999915],[-60.025328832999946,-6.107026014999917],[-60.522735912999906,-6.140683806999959],[-60.63809498099994,-6.165927018999923],[-60.698404369999935,-6.258485815999961],[-60.75033907599993,-6.384702404999928],[-61.04449979899994,-6.611892369999907],[-61.24166739599991,-6.788595383999962],[-61.31273209099993,-6.906397392999907],[-61.43931410899995,-6.973712976999934],[-61.4627438199999,-7.091514985999936],[-61.66454109499995,-7.377605955999911],[-61.6690905829999,-7.495407964999913],[-61.73201472199992,-7.638453713999922],[-61.95716564999992,-8.008688900999914],[-61.996607378999954,-8.707086901999958],[-62.048907974999906,-8.80806027899996],[-62.19497104399994,-8.86696128299991],[-62.26571767899992,-8.951106027999913],[-62.414943226999924,-9.077322615999947],[-62.57789855999994,-9.085736668999914],[-62.69987270899992,-9.03525024399994],[-62.83787765299991,-8.917448234999938],[-62.95871173199993,-8.841718070999946],[-63.063115308999954,-8.824889438999946],[-63.272358942999915,-8.589284892999956],[-63.366823222999926,-8.564041680999935],[-63.45549653899991,-8.622942684999941],[-63.527365397999915,-8.732330641999908],[-63.5821174539999,-8.883790442999953],[-63.66409134499992,-9.001592451999954],[-63.93900163799992,-9.153052252999942],[-64.08406065399993,-9.186710044999927],[-64.44625491099993,-9.161466832999906],[-64.68818765899994,-9.220367837999959],[-64.89025582199992,-9.245611049999923],[-65.13521762099992,-9.169881412999928],[-65.1992995789999,-9.110980408999922],[-65.41274421799994,-8.976349239999934],[-65.6517922779999,-8.976349239999934],[-65.78201793199992,-8.900619074999952],[-65.94333037299992,-8.673429636999913],[-65.99557410199992,-8.564041680999935],[-66.09604374899993,-8.463068303999933],[-66.21991426599993,-8.454654251999955],[-66.27882199699991,-8.488311516999943],[-66.34451683399993,-8.86696128299991],[-66.37849854899991,-8.976349239999934],[-66.49237029999995,-9.153052252999942],[-66.70950088599994,-9.28768342199993],[-67.05067502499992,-9.413900010999953],[-67.21805464499994,-9.506458807999934],[-67.48028096599995,-9.582188444999929],[-67.7011906489999,-9.599017603999926],[-67.94391567199995,-9.666333188999943],[-68.1493209859999,-9.750477405999959],[-68.36116791499995,-9.775720617999923],[-68.70153900499992,-9.876693994999926],[-69.04696330599995,-10.061811587999955],[-69.37512241899992,-10.263758340999914],[-70.06852940099992,-10.482533726999918],[-70.30125094599993,-10.676065372999915],[-70.55233195199992,-10.85276891399991],[-71.2057196639999,-11.164103095999906],[-71.69658246699993,-11.332391528999949],[-72.09122395399993,-11.357635268999957],[-72.17231636699995,-11.551166914999953],[-72.35997189799991,-11.626897078999946],[-72.79297748999994,-11.904573469999946],[-73.05182415899992,-11.904573469999946],[-73.44653876399991,-11.416536273999952],[-73.55991986299995,-11.13044530399992],[-73.86392152899992,-10.11229801199994],[-74.2513794759999,-9.211953257999937],[-74.54799694199994,-8.86696128299991],[-74.74242562299992,-8.749159273999908],[-74.91287721499992,-8.538798468999914],[-75.17616787599991,-8.08441853699992],[-75.28656119899995,-7.806742146999909],[-75.25004050599995,-7.444921540999928],[-75.1554404389999,-7.259803946999909],[-75.01291211799992,-7.066271773999915],[-74.96544782399991,-5.938737053999944],[-74.9945395069999,-5.70313303599994],[-75.14214999599994,-5.568501866999952],[-75.40681462799995,-5.501186281999935],[-75.90297756899992,-5.501186281999935],[-76.1257492339999,-5.332897848999949],[-76.8177930839999,-4.954248081999935],[-77.04697872699995,-4.735472695999931],[-77.08983729899995,-4.617670159999932],[-77.16095551199993,-4.239020920999906],[-77.13212209499994,-3.683667612999955],[-77.23762354699994,-3.39757716999992],[-77.34830713199995,-3.271360581999943],[-77.40962140799991,-3.077828407999959],[-77.40390724399992,-2.859053022999944],[-77.44685241999991,-2.665520848999961],[-77.44812870599992,-2.286871082999937],[-77.46376560999994,-2.11016806899994],[-77.54798597999991,-2.026023324999926],[-77.71874489099991,-1.983951479999917],[-77.8605019449999,-1.916635895999946],[-77.98255771799995,-1.807247938999922],[-78.00893989799994,-1.664202717999956],[-77.93025575699994,-1.487499703999958]]],[[[-50.57805733099991,-1.800830575999953],[-50.63500035599992,-1.755552422999926],[-50.64805641799995,-1.63166328199992],[-50.726953403999914,-1.555552243999955],[-50.80360857699992,-1.44055245699991],[-50.81528205899991,-1.34055236699993],[-50.781112858999904,-1.151941491999935],[-50.74150634599994,-1.127552344999913],[-50.62888975699991,-1.150552513999912],[-50.550001635999934,-1.069163568999954],[-50.56333865999994,-1.061663720999945],[-50.652778274999946,-1.095274562999919],[-50.72311120699993,-1.08683044199995],[-50.780282573999955,-1.051385388999961],[-50.79695106899993,-0.971941435999952],[-50.78333952599991,-0.663608352999915],[-50.73516672699992,-0.592441295999947],[-50.682503562999955,-0.648330649999934],[-50.59861497499992,-0.681385478999914],[-50.54249884299992,-0.682774456999937],[-50.59166825299991,-0.649719627999957],[-50.680838502999904,-0.629163490999929],[-50.72639487999993,-0.497774501999913],[-50.70361402399993,-0.389441598999952],[-50.65778431599995,-0.279163704999917],[-50.56528328399992,-0.17971962799993],[-50.443894832999945,-0.115274316999944],[-50.328894016999925,-0.100274619999936],[-50.107504338999945,-0.133885462999956],[-49.639451556999916,-0.248330290999945],[-49.40778312999993,-0.224997252999913],[-49.398058196999955,-0.19610830299996],[-49.32833805999991,-0.159719504999941],[-49.14750826799991,-0.137774389999947],[-49.005001051999955,-0.154441598999938],[-48.82527679899994,-0.207219599999917],[-48.41027941199991,-0.262124588999939],[-48.36611227499992,-0.29610839299994],[-48.37444698099995,-0.377774288999944],[-48.42249856299992,-0.42555239099994],[-48.466665329999955,-0.531941357999926],[-48.48416944899992,-0.687497403999942],[-48.53694898599991,-0.895830396999941],[-48.62861680099991,-0.947774377999906],[-48.64389121399995,-0.988885595999932],[-48.62722398799991,-1.064441676999934],[-48.771118481999906,-1.243052754999951],[-48.86083718499992,-1.478052754999908],[-49.16638489099995,-1.613885101999927],[-49.378888557999915,-1.647219519999908],[-49.51111430399993,-1.622497503999909],[-49.551115549999906,-1.696663551999961],[-49.672501337999904,-1.776663517999907],[-49.7146732139999,-1.769885325999951],[-49.745559886999956,-1.639719671999956],[-49.761947953999936,-1.636386229999914],[-49.77305574999991,-1.661108245999912],[-49.743617962999906,-1.752774466999938],[-49.796951349999915,-1.813052843999913],[-49.821114321999914,-1.814441294999938],[-50.05805628899992,-1.706941355999959],[-50.110832504999905,-1.759719356999938],[-50.38083551999995,-1.836386408999942],[-50.57805733099991,-1.800830575999953]]]]}},{"type":"Feature","properties":{"id":"22","n":"Arabian Aquifer System"},"geometry":{"type":"Polygon","coordinates":[[[35.13514054800004,29.76393129300004],[35.18228488300008,30.194041982000044],[35.246939490000045,30.46644541900008],[35.289010129000076,30.53813053300007],[36.10025290400006,30.667163740000035],[36.30751772600007,30.98257824600006],[36.514555560000076,31.011252291000062],[36.633301061000054,31.011252291000062],[36.79765798300008,30.968241223000064],[37.001192496000044,30.968241223000064],[37.23238271100007,31.05426336000005],[37.59710259900004,31.25498168200005],[37.749152922000064,31.513048095000045],[37.84258033000009,32.34459542800005],[37.80970133100004,32.60266184100004],[37.942067490000056,33.06144657600004],[37.95149469800003,33.24782787500004],[38.02497299800007,33.52023131100009],[38.08434107000005,33.69227558700004],[38.261789838000084,33.96467902300009],[38.523764010000036,34.22274543700007],[38.792239892000055,34.29443055100006],[39.161707077000074,34.351778643000046],[39.72839238200004,34.351778643000046],[40.10735925900008,34.251419482000074],[40.25621385300008,34.10804925300005],[40.43126705700007,34.02202711500007],[40.585884546000045,33.806971770000075],[40.80093033700007,33.64926451800005],[41.36377962900008,33.634927495000056],[41.637776845000076,33.41987215000006],[41.980056981000075,33.20481680600005],[42.04953181800005,32.77470611700005],[42.121015716000045,32.57398779500005],[42.708429257000034,32.40194351900004],[43.13457287700004,32.40194351900004],[43.47316512200007,32.05785496800007],[43.640055552000035,31.814125578000073],[43.99373992200009,31.45570000400005],[44.413302301000044,31.082937406000042],[44.59767062900005,30.839208016000043],[45.00662231000007,30.73884885500007],[45.40696822700005,30.695837786000084],[45.787953290000075,30.523793511000065],[46.33588887700006,30.33741221200006],[46.839969745000076,30.255146834000072],[47.47596187600004,30.007967358000087],[47.96489158300005,29.929567622000036],[48.006091784000034,29.803607897000063],[48.052495064000084,29.734447551000073],[48.088053193000064,29.714164674000074],[48.16444324200006,29.582776212000056],[48.167214759000046,29.55305482500006],[48.10471205600004,29.559996022000064],[48.07916154700007,29.592499586000088],[48.01555113200004,29.627498351000042],[47.96888107600006,29.629720294000037],[47.686107280000044,29.38555293400009],[47.82248941700004,29.328610109000067],[47.877213759000085,29.335272245000056],[47.962210234000054,29.384438269000043],[47.987484693000056,29.384995865000064],[48.028602704000036,29.344996146000085],[48.09740130800009,29.21251464900007],[48.143883835000054,29.03388616300009],[48.17304843100004,28.978051144000062],[48.379714172000035,28.71416483200005],[48.36525668500008,28.651665567000066],[48.41659073900007,28.545278710000048],[48.50276957700004,28.492777661000048],[48.51971959000008,28.328889856000046],[48.60332657300006,28.121110239000075],[48.65193244500006,28.03611195600007],[48.87582879900003,27.83888498500005],[48.876939539000034,27.765834657000084],[48.85833044700007,27.73333109300006],[48.838608589000046,27.730829561000064],[48.85332808900006,27.810273514000073],[48.80720971400007,27.824164350000046],[48.78249479500005,27.728610784000068],[48.83887116300008,27.619717647000073],[48.90444284500006,27.593887298000084],[48.961937456000044,27.62471860100004],[49.05138238900008,27.54555423700009],[49.07665470500007,27.539720319000082],[49.176659217000065,27.55166616300005],[49.246101285000066,27.540553811000052],[49.303055062000055,27.48721979700008],[49.30777226500004,27.44222176100004],[49.17276345200008,27.459439708000048],[49.123320454000066,27.43527528800007],[49.24748372400006,27.340551521000066],[49.40055093700005,27.157777730000078],[49.40887541700005,27.127218102000086],[49.49333057500007,27.155274087000066],[49.55443511100003,27.14027386300006],[49.65943095700004,27.00750064300007],[49.66831685500006,26.975550983000062],[49.87026767100008,26.857495761000052],[49.95298877700009,26.85118706800006],[50.15083172300007,26.669443536000074],[50.158329414000036,26.638613288000045],[49.99498826100006,26.745550355000034],[49.98248994100004,26.679440696000086],[50.00000094500007,26.567776989000038],[50.042218511000044,26.474721790000046],[50.07526916300009,26.449166809000076],[50.177499829000055,26.42027733200007],[50.21360527300004,26.371667320000086],[50.21944656800008,26.30028081100005],[50.210828571000036,26.186388831000045],[50.15583146200004,26.101109904000054],[50.11694398100008,26.090555148000078],[50.06082825200008,26.181391042000087],[50.018605724000054,26.193058352000037],[49.97832524000006,26.131387832000087],[49.99388869900008,26.020000021000044],[50.10749605500007,25.921108793000087],[50.13443607000005,25.82000195200004],[50.25249633400006,25.67361115600005],[50.25833157800008,25.629999988000066],[50.23416382500005,25.649720522000052],[50.23166644400004,25.681664908000073],[50.13805307600006,25.726109568000084],[50.14999804100006,25.69666460500008],[50.367218894000075,25.456109748000074],[50.45277088200004,25.448332420000042],[50.48277212700003,25.41389283300009],[50.52249955800005,25.29611139800005],[50.55916314700005,25.04888754700005],[50.570828987000084,25.038610797000047],[50.57860268300004,25.065554229000043],[50.60666807300004,25.042776149000076],[50.72777292900008,24.874998361000053],[50.73721547300005,24.771943364000037],[50.770824632000085,24.721385196000085],[50.842773315000045,24.75722325600009],[50.86555425800009,24.80083284200009],[50.80805298100006,25.05694340900004],[50.76766633800008,25.12945671500006],[50.75193979900007,25.491106930000058],[50.827499138000064,25.59305253900004],[50.94804881200008,25.595556181000063],[50.975554797000086,25.64083433400009],[50.91277487600007,25.626942970000073],[50.888053599000045,25.665556349000042],[50.88805221200005,25.71222031500008],[50.90111089700008,25.77972264400006],[50.923330889000056,25.80694408100004],[50.95250197000007,25.774166731000037],[50.97527362500006,25.80249861300007],[50.948322122000036,25.856389696000065],[51.03860343700006,26.04639007700007],[51.17194256300007,26.123609977000058],[51.25443997700006,26.152777461000085],[51.341109163000056,26.10694382300005],[51.343887848000065,26.040834165000035],[51.39721900100005,25.959722172000056],[51.49833159800005,25.95055586600006],[51.56805358000008,25.908332622000046],[51.593046696000044,25.780831505000037],[51.587493007000035,25.693887703000087],[51.538325959000076,25.617497076000063],[51.49222055000007,25.605833458000063],[51.49116910500004,25.55008917400005],[51.472496540000066,25.512776149000047],[51.52138751100006,25.428609248000043],[51.51055397400006,25.29916419500006],[51.581107435000035,25.288056063000056],[51.60638426400004,25.26916849400004],[51.61166331800007,25.01027891600006],[51.570272310000064,24.921946664000075],[51.49721957500009,24.84583298700005],[51.43721591700006,24.663057085000048],[51.37027597800005,24.592779438000036],[51.33166854000007,24.57249919800006],[51.349438658000054,24.631944083000064],[51.328327293000086,24.65222432300004],[51.27111026400007,24.656947270000046],[51.210272484000086,24.630277625000076],[51.30971777900004,24.600557293000065],[51.293054589000064,24.573609642000065],[51.30498468800005,24.510001516000045],[51.40749367700005,24.621666805000075],[51.44443808500006,24.618056940000088],[51.49221765300007,24.579721567000036],[51.314164392000066,24.41944310100007],[51.277219796000054,24.33138674500009],[51.28722103200005,24.293890668000074],[51.34499490300004,24.289445200000046],[51.40027323800007,24.320000607000054],[51.44166742900006,24.315553556000054],[51.49971423800008,24.299444470000083],[51.532495752000045,24.256665212000087],[51.55693618000004,24.250833931000045],[51.58422615000006,24.26046709800005],[51.59138272700005,24.29305348300005],[51.623326906000045,24.26444570500007],[51.63555448100004,24.20972376800006],[51.72083708900004,24.251391527000067],[51.743888939000044,24.28639029200008],[51.766106027000035,24.280832270000076],[51.780829967000045,24.266669230000048],[51.77277662800009,24.129167260000088],[51.78944453300005,24.039719817000048],[51.81666522100005,23.996389821000037],[52.08054942900009,23.955557137000085],[52.23166830800005,23.97388974800009],[52.340269825000064,24.00499853100007],[52.43860763300006,24.054997520000086],[52.591381768000076,24.19972027700004],[52.63055956900007,24.19639],[52.68193626100003,24.136389630000053],[52.943600589000084,24.13777808000009],[53.055553683000085,24.12166899500005],[53.22444640000003,24.13611162300009],[53.325822042000084,24.102777205000052],[53.459722181000075,24.106111702000078],[53.535549503000084,24.08611052300006],[53.58082419500005,24.04416950500007],[53.87416088300006,24.05972046800008],[54.118602761000034,24.13944612000006],[54.245826531000034,24.217779102000065],[54.38193918600007,24.252220799000042],[54.424162230000036,24.281667345000074],[54.494434743000056,24.43610767200005],[54.580825221000055,24.44388711000005],[54.66916806900008,24.663330872000074],[54.648603878000074,24.721666895000055],[54.65860836600007,24.75277778800006],[54.70777088500006,24.80138832700004],[55.066381051000064,25.01805677100009],[55.36971975500006,25.361112722000087],[55.468331497000065,25.413333127000044],[55.550549258000046,25.575833009000064],[55.64554962800008,25.581669038000086],[55.77821715500005,25.677339007000057],[55.67200175600004,25.39999535800007],[55.21704932600005,24.84685895800004],[54.862106080000046,24.494863068000086],[54.48956805700004,23.971897744000046],[54.42099269400006,23.549502675000042],[54.44531888400007,23.448932421000052],[54.527986713000075,23.348362166000072],[54.71773809300004,23.26790596300009],[54.91813111700009,23.28802001300005],[55.12822577700007,23.398647293000067],[55.23715556800005,23.217620835000048],[55.39060156600004,23.016480326000078],[55.536584162000054,22.63431335900009],[55.86274995900004,22.191804239000078],[56.11474844300005,21.930321578000076],[56.402828200000044,21.568268661000047],[56.48801887900004,21.266557898000087],[56.39822107500004,20.492166938000082],[56.278851573000054,20.34131155600005],[56.16356860700006,20.23068427600009],[55.97350643200008,19.94908756400008],[55.92544797000005,19.818346233000057],[55.893614960000036,19.617205724000087],[55.84284159500004,19.456293317000075],[55.69692482700003,19.385894138000083],[55.52104471600006,19.245095782000078],[54.63664553500007,18.95344204400004],[54.46429038700006,18.84281476400008],[54.415568059000066,18.69195938200005],[54.25781167400004,18.611503179000067],[54.04966002600008,18.611503179000067],[53.832694943000035,18.641674255000055],[53.533573437000086,18.531046975000038],[53.15997868800008,18.49081887300008],[53.00609868500004,18.450590771000066],[52.77488174700005,18.450590771000066],[52.402233455000044,18.551161026000045],[52.091805530000045,18.571275077000053],[51.65065133500008,18.551161026000045],[51.52958942100008,18.621560204000048],[51.27061292700006,18.702016408000077],[50.838337842000044,18.651731280000035],[50.38689199400005,18.510932924000087],[50.24051741100004,18.420419695000078],[50.22037163500005,18.179051084000037],[50.088390710000056,17.837112219000062],[49.92486827500005,17.525344430000075],[49.76508531400003,17.253804743000046],[49.57271375600004,17.00237910600009],[49.40159569500008,16.720782394000082],[49.242047641000056,16.590041063000058],[49.13733655000004,16.419071630000076],[49.38353905300005,16.318501376000086],[49.56703187900007,16.147531943000047],[49.983790817000056,16.01679061200008],[50.217677550000076,15.906163332000062],[50.393981076000046,15.795536052000045],[51.009233496000036,15.580647978000059],[51.55193976600003,15.323444086000052],[51.222300603000065,15.193030845000067],[51.07543129000004,15.206313675000047],[50.99991535500004,15.269201071000055],[50.546647904000054,15.355223209000087],[49.67044219600007,15.254864048000059],[49.02724133400005,14.953786566000076],[48.574405014000035,14.796079313000064],[47.60734849700003,14.796079313000064],[47.38799989700004,14.695720153000082],[47.14447508900008,14.46632778500009],[46.86248912000008,14.408979693000049],[46.55122132400004,14.408979693000049],[46.34856489900005,14.581023969000057],[46.261550981000084,14.767405267000072],[46.004548183000054,14.853427405000048],[45.71036249100007,14.867764428000044],[45.522376457000064,15.01113465800006],[45.50105292300009,15.197515957000064],[45.25110956600008,15.398234278000075],[45.02861008900004,15.512930462000043],[44.94190045100004,15.699311760000057],[45.06134199400009,15.770996875000037],[45.08880614100008,15.943041151000045],[45.338790137000046,16.000389243000086],[45.72778774100004,16.172433518000048],[45.936494742000036,16.100748404000058],[46.14327531500004,16.000389243000086],[46.27940387400008,16.072074358000066],[46.55757536600004,16.05773733500007],[46.71983669300005,16.029063289000078],[46.97000780800005,16.08641138100006],[47.40136347500004,16.387488863000044],[47.45448699200006,16.674229322000087],[47.56678717200003,17.090002988000037],[47.75795507700008,17.44842856300005],[47.761111182000036,17.706494976000045],[47.54712170000005,17.706494976000045],[47.08297740200004,17.663483907000057],[46.753785495000045,17.663483907000057],[46.47184252800008,17.634809861000065],[45.86286540900005,17.634809861000065],[45.40400995200008,17.434091540000054],[45.10784517800005,17.434091540000054],[44.91651254400006,17.520113678000087],[44.814640620000034,17.706494976000045],[44.61821837700006,17.95022436700009],[44.45978657300009,18.036246504000076],[44.24277618700006,18.22262780300008],[44.19694782700009,18.49503123900007],[44.01088035200007,18.652738492000083],[43.788299502000086,18.982490020000057],[43.74968479900008,19.34091559500007],[43.865452797000046,19.555970939000076],[43.957595870000034,19.88572246700005],[44.05709724400003,20.100777812000047],[44.258885114000066,20.35884422500004],[44.432092881000074,20.45920338600007],[44.59677777200005,20.65992170800007],[44.716620617000046,20.917988121000064],[44.97506003800004,21.247739650000085],[45.02932032600006,21.50580606300008],[45.13950978500009,21.835557591000054],[45.53531409800007,22.781801107000035],[45.644671233000054,23.082878590000064],[45.531757215000084,23.49865225600007],[45.40372315900004,23.74238164600007],[45.11821948900007,24.08647019700004],[44.863313333000065,24.21550340400006],[44.56730895600003,24.444895772000052],[44.353239107000036,24.65995111600006],[44.193009188000076,24.918017530000043],[44.01304318000007,25.290780127000062],[43.71162842800004,25.60619463200004],[43.42110982500009,25.86426104600008],[43.13828661100007,26.036305321000043],[42.878257964000056,26.10799043600008],[42.71702759100003,26.323045781000076],[42.631078982000076,26.767493493000075],[42.62762501800006,27.039896929000065],[42.42802318200006,27.05423395200006],[42.126903602000084,27.211941205000073],[41.85048711600007,27.441333572000076],[41.62994495500004,27.57036677900004],[41.43328328500007,27.613377848000084],[41.00240060100003,27.513018687000056],[40.40848481200004,26.98254883700008],[39.74288888500007,26.538101125000082],[39.62526561000004,26.366056849000074],[39.37562320400008,26.38039387200007],[39.18323617700008,26.466416010000046],[38.85826292400009,26.566775171000074],[38.272170122000034,26.566775171000074],[38.06984115900008,26.55243814800008],[37.82141642800008,26.58111219400007],[37.75286374600006,26.738819447000083],[37.56010862200009,26.996885860000077],[37.53239098000006,27.22627822800007],[37.29105140000007,27.49868166400006],[36.642323118000036,27.728074032000052],[36.341401707000045,27.742411055000048],[35.97608186100007,27.785422123000046],[35.93840036000006,27.914455330000067],[36.00595437000004,28.086499606000075],[36.065043710000054,28.17252174400005],[35.90906561300005,28.459262203000037],[35.814746950000085,28.68865457000004],[35.76518196500007,28.860698846000048],[35.45094672200008,28.91804693800009],[35.26947347000004,29.11876526000009],[35.25673831200004,29.319483581000043],[35.13514054800004,29.76393129300004]]]}},{"type":"Feature","properties":{"id":"17","n":"Ogallala Aquifer (high Plains)"},"geometry":{"type":"Polygon","coordinates":[[[-104.35191029399994,34.45864783900004],[-104.28475097799992,34.59218168800004],[-103.2642520899999,34.89006488800004],[-102.9146926219999,34.87979305400006],[-102.60960303799993,34.82843388100008],[-102.23979827099993,34.82843388100008],[-101.8785298389999,34.848977550000086],[-101.73784017999992,35.04421435000006],[-101.76128828399993,35.21913252200005],[-101.89889095399991,35.31174426600006],[-102.17061837199992,35.31174426600006],[-102.5927631369999,35.40436155400005],[-102.86539641799993,35.435235215000034],[-103.13726262499995,35.435235215000034],[-103.35616503299991,35.45581799800004],[-103.57202708099993,35.641075372000046],[-103.55253928799993,35.79547346700008],[-103.4895992989999,35.991066516000046],[-103.59884264899995,36.23816678500009],[-103.71597831799994,36.36173172800005],[-103.78999998299992,36.52650034900006],[-103.92061879599993,36.73248582300005],[-103.90379394799993,36.804587224000045],[-103.72977343299993,36.804587224000045],[-103.54008470699995,36.74278581700008],[-103.0849547279999,36.75308588000007],[-103.04621958599995,36.88699294400004],[-103.05583770699991,36.99000627200007],[-103.1254580129999,37.196053531000075],[-103.2170693299999,37.34030296000009],[-103.11828191399991,37.42273725200005],[-102.85399805899993,37.71129191500006],[-102.78248691099992,37.82466742400004],[-102.60906053999992,37.90712756600004],[-102.53719506899995,38.07206105800009],[-102.41564711299992,38.237012166000056],[-102.58937538499993,38.597904156000084],[-102.68978693899993,38.752597979000086],[-103.04686636199995,38.91762181100006],[-103.30856869999991,38.98982528600004],[-103.61770616299992,39.206455978000065],[-103.73770604399994,39.31994133400008],[-103.88655051699993,39.588212630000044],[-103.7291296759999,39.84620979600004],[-103.5514180859999,40.06311615100009],[-103.47247543899994,40.24940824400005],[-103.2802651209999,40.43575676200004],[-103.26879735599994,40.58073354000004],[-103.32971583799991,40.69466784900004],[-104.4116675709999,40.70502656100007],[-104.72271466299992,40.787902537000036],[-104.9581235149999,40.87078968700007],[-105.12430736599993,41.05732665800008],[-105.25700951699991,41.295761897000034],[-105.3149020269999,41.53428973300004],[-105.30362435299992,41.78328718400007],[-105.39935291299992,42.105058489000044],[-105.34195367599995,42.291970922000075],[-105.2889671349999,42.57244644500008],[-105.20750441699994,42.75950145200005],[-105.08324978799993,42.87384096200009],[-104.93520601299991,42.90502816800006],[-104.94549658799991,42.95071346200007],[-104.72540942899991,42.93560598600004],[-104.34014192799992,42.945215277000045],[-104.02542980899995,42.974044054000046],[-103.65351679499992,42.92599684600009],[-103.1509570749999,42.89717033000005],[-102.88545160699994,43.05092742800008],[-102.55965545099991,43.46434102900008],[-102.51477283199995,43.60862078800005],[-102.2617431509999,43.762556705000065],[-101.40327683499993,43.82029266200004],[-100.99131243999994,43.64710113700005],[-100.32004716799992,43.454723587000046],[-99.10778959999993,42.974044054000046],[-98.95085371199991,42.93944020200007],[-98.89097770699993,42.821865812000055],[-98.68602469699994,42.821865812000055],[-98.29407102699992,42.73871474300006],[-97.51300555699993,42.64518327500008],[-96.8678301249999,42.375061405000054],[-96.69332082999995,42.240045087000055],[-96.36124009999992,41.731404385000076],[-96.4164185649999,41.61727766100006],[-96.83232729199995,41.389087843000084],[-97.00885664399993,41.33723834400007],[-96.9996481629999,41.171349357000054],[-97.0217642639999,40.89151322200007],[-96.93796892899991,40.72574450700006],[-96.86979382499993,40.539308116000086],[-96.85985879599991,40.23905720300007],[-97.06656256199994,40.14590567400006],[-97.34166865799995,40.11485829800006],[-97.65428616999992,40.03207295100009],[-97.88630035999995,39.990707058000055],[-98.72414047299992,40.00103131600008],[-99.0041378979999,39.98038537600007],[-99.20810583899993,39.90813553600009],[-99.48231792699994,39.77396624100004],[-99.60060496499995,39.732685728000035],[-99.51715851299991,39.63980861200008],[-99.43145593899993,39.46438931300008],[-99.52717449999994,39.40248138100009],[-99.48955480899991,39.350893334000034],[-99.25605159999992,39.258039196000084],[-99.13867452699992,39.14455839200008],[-99.14011094299991,38.98982528600004],[-99.34208108999991,38.886678499000084],[-99.68362825199995,38.86604996900007],[-100.01935287499992,38.93825103100005],[-100.34806135699995,38.96919537700006],[-100.5814215929999,39.01045547000007],[-100.99078925999993,39.000140344000044],[-101.02112462199995,38.907307305000074],[-100.9261299399999,38.814479849000065],[-100.76831382299991,38.77322499300004],[-100.20710860299994,38.70103164900007],[-100.2040338619999,38.536030967000045],[-100.0790853289999,38.350426275000075],[-99.95483181399993,38.298873375000085],[-99.6689001659999,38.329804908000085],[-98.97624128299992,38.536030967000045],[-98.3881725569999,38.61852910400006],[-98.0247044859999,38.61852910400006],[-97.80508448699993,38.577279485000076],[-97.56325012899993,38.432914495000034],[-97.39876170999992,38.237012166000056],[-97.32128622099992,38.01020893500004],[-97.37296389599993,37.76282520600006],[-97.53438886099991,37.536091585000065],[-97.83124669299991,37.474260918000084],[-98.4304522789999,37.391823877000036],[-98.71787681399991,37.30939123500008],[-99.09948982299994,37.299087463000035],[-99.3407740749999,37.30939123500008],[-99.72157484099995,37.18575051500005],[-99.96925353499995,37.15484188100004],[-100.12122402799992,37.02091161000004],[-100.27380751599992,37.000307983000084],[-100.2530027229999,36.89729396800004],[-100.03690074999992,36.77368621200009],[-99.8857958239999,36.598592143000076],[-99.59631909099994,36.47500826800007],[-99.4138154069999,36.31024513500006],[-99.36108170799992,36.186684306000075],[-99.3203764239999,36.03224715300007],[-99.5487758989999,35.89841409400009],[-99.6218299979999,35.83664889600004],[-99.74873114799993,35.78517978200006],[-99.70458033099993,35.62049012400007],[-99.75259881199992,35.52785989600005],[-99.9380334789999,35.52785989600005],[-100.23277207399991,35.40436155400005],[-100.2928199779999,35.28087306800006],[-100.37126704499991,34.93115222600005],[-100.43587688399992,34.818162047000044],[-100.5664491789999,34.71544370200007],[-100.72218180399994,34.67435636400006],[-100.83654354099991,34.59218168800004],[-100.8928214149999,34.33538582500006],[-100.81084600299994,34.099133632000076],[-100.68422501999993,33.99641528700005],[-100.71373533499991,33.852609604000065],[-100.80894344899991,33.71907575600005],[-101.16263819499994,33.52391090000009],[-101.3812736399999,33.359561548000045],[-101.27724826799994,33.21575586500006],[-101.13580547099991,33.13358118900004],[-101.25613346499995,33.03086284400007],[-101.41199414599993,32.98977550600006],[-101.48801183699993,32.86651349200008],[-101.61101927599992,32.83569798900004],[-101.6169793649999,32.75352331300007],[-101.53528904099994,32.599445796000055],[-101.3921324879999,32.47618378200008],[-101.25900389899994,32.07558223600006],[-101.62945532799995,31.849601877000055],[-101.82203844899993,31.808514539000043],[-102.09381067499993,31.81878637400007],[-102.68924966599991,31.983135726000057],[-103.11039011799994,32.16802874700005],[-103.44896141399994,32.650804968000045],[-103.58961910699992,32.76379514800004],[-103.66510377499992,32.897328996000056],[-103.73638812399992,33.08222201700005],[-103.7501914899999,33.647172914000066],[-103.81605262599993,33.811522266000054],[-103.91124619099992,33.98614345200008],[-104.25848927899995,34.26348298400006],[-104.35191029399994,34.45864783900004]]]}},{"type":"Feature","properties":{"id":"14","n":"Northern Great Plains Aquifer"},"geometry":{"type":"Polygon","coordinates":[[[-123.61592624199994,56.94008261500005],[-124.15460965999989,57.45797251300007],[-124.2940717009999,57.71195069500004],[-124.52310911699993,58.043765833000066],[-124.68048123099993,58.220984582000085],[-124.51233868899993,58.28748671500006],[-123.8368941469999,58.47604334600004],[-123.56592816699992,58.464946292000036],[-122.99895485899992,58.254232570000056],[-120.67218912599992,57.31457770900005],[-120.21137842999991,57.21537108000007],[-119.0691172359999,56.830084475000035],[-118.5306340489999,56.66521250300008],[-117.63689003999991,56.204367270000034],[-117.01834158799994,55.95249450500006],[-116.48808002099992,55.70097009700004],[-115.7871964869999,55.471620390000055],[-114.76239946699991,55.17716539800006],[-114.1633108989999,55.090010601000074],[-113.82881090899991,55.090010601000074],[-113.25915332999995,54.95949362600004],[-112.63949812399994,54.73180208000008],[-112.12100901899993,54.623451920000036],[-111.16930567899993,54.450191278000034],[-110.69981809199993,54.40689524800007],[-110.3573330399999,54.396072436000054],[-109.98181811199993,54.28787057200003],[-109.4452153499999,54.06080187100008],[-108.98742209599993,53.887938001000066],[-108.3242696349999,53.68281999000004],[-107.7190741089999,53.44552847300008],[-107.31508105599994,53.35929734700005],[-106.80342368499993,53.59650568100005],[-106.47283791299992,53.56414562200007],[-106.11053529999992,53.60729331300007],[-105.9917064149999,53.72598850800006],[-105.2888864819999,53.75836987100007],[-104.6821427509999,53.98515895700007],[-103.99660682299992,54.33114558900007],[-103.7021104559999,54.50432207100005],[-103.39261551699991,54.54763531400005],[-102.68040772899991,54.558464822000076],[-102.15810763999991,54.482668319000084],[-101.58159601099993,54.37442824300007],[-101.0901352279999,54.233787534000044],[-100.5895998179999,54.147279462000085],[-100.31608630799991,54.201343433000034],[-100.08486748399991,54.22297235700006],[-99.72510331399991,54.22297235700006],[-98.87826283399994,53.96355097400004],[-98.7413398249999,53.84474103400004],[-98.915058,53.68281999000004],[-99.14052327499991,53.58571852100005],[-99.26958989199994,53.488655367000035],[-99.15375431799993,53.27309641000005],[-98.9594287999999,53.02543659000008],[-98.76985133999995,52.74577253000007],[-98.5830464199999,52.52012112300008],[-98.22653359999993,52.283945250000045],[-98.03671697999994,51.994400952000035],[-97.66988558899993,51.73731221300005],[-97.57924592299992,51.78014181400005],[-97.37997113299991,51.82297881800008],[-97.30629262999992,51.555368919000045],[-96.99395668999995,51.159835315000066],[-97.01146790999991,50.956967992000045],[-97.05089353599993,50.764930469000035],[-96.9998504799999,50.615670359000035],[-96.9986096849999,50.498457305000045],[-97.25262668099992,50.47715176600008],[-97.38729473299992,50.381299382000066],[-97.53221670499994,50.33871015500006],[-97.5584923589999,50.00889006500006],[-97.5422840999999,49.744033336000086],[-97.47458149199991,49.50055709500003],[-97.35407735399991,48.92953570000009],[-97.39046541599993,48.73938749200005],[-97.4411927459999,48.59156074100008],[-97.45182897199993,48.40158289700008],[-97.54284684899994,48.253888473000075],[-97.44210072699991,48.09570856500005],[-97.36134295499994,47.84275847400005],[-96.90949016399992,47.07440754300006],[-96.82074508099993,46.82213943700003],[-96.74710129499994,46.52803881500006],[-96.70111686299992,46.234166178000066],[-96.75185258599993,46.034882174000074],[-96.75337059099991,45.751868958000045],[-96.86487912899992,45.521421398000086],[-96.98222337399994,45.322510883000064],[-97.04330863399991,45.24925428100005],[-97.19533729299991,45.17601178600006],[-97.29312266599993,45.16554972300008],[-97.27039352399993,44.86260394900006],[-97.30185385399994,44.67490490100005],[-97.2631531429999,44.476840682000045],[-97.28989637299992,44.27884064500006],[-97.40506547099994,44.143403883000076],[-97.5453156289999,44.02882697700005],[-97.74318785799994,43.924684780000064],[-97.95120927399995,43.883032867000054],[-98.09743666299994,43.77891549100008],[-98.22580441199995,43.643589390000045],[-98.29560845399993,43.26899629600007],[-98.40272833099993,43.18578450700005],[-98.7815272499999,43.06098802200006],[-98.95085371199991,42.93944020200007],[-99.10778959999993,42.974044054000046],[-100.32004716799992,43.454723587000046],[-100.99131243999994,43.64710113700005],[-101.40327683499993,43.82029266200004],[-102.2617431509999,43.762556705000065],[-102.51477283199995,43.60862078800005],[-102.55965545099991,43.46434102900008],[-102.88545160699994,43.05092742800008],[-103.1509570749999,42.89717033000005],[-103.65351679499992,42.92599684600009],[-104.02542980899995,42.974044054000046],[-104.34014192799992,42.945215277000045],[-104.72540942899991,42.93560598600004],[-104.94549658799991,42.95071346200007],[-104.95869424199992,43.00899699200005],[-105.3864487269999,43.12338308600005],[-105.88501814699993,43.31060643200004],[-106.05850360199992,43.300203632000034],[-106.61720063799993,43.31060643200004],[-106.89326306399994,43.40423958000008],[-107.33697949999993,43.497887053000056],[-107.7702701629999,43.75809414200006],[-107.9778660319999,43.86220797400006],[-108.3144103809999,44.22674603100006],[-108.58736613899993,44.289260100000035],[-108.8069932059999,44.289260100000035],[-109.03407182199993,44.32051953300004],[-109.2124559859999,44.435151132000044],[-109.66901646899993,44.83131676800008],[-109.88157297899994,44.93561360600006],[-110.3945825379999,45.238790204000054],[-110.55734797499991,45.385313488000065],[-110.97656419599991,46.02439644100008],[-111.1550276129999,46.36008371200006],[-111.36076168299991,46.67506059500005],[-111.53697700899994,47.00081198300006],[-111.7008941819999,47.23216051500003],[-112.11262072199992,47.769013261000055],[-112.42773558499994,48.074622918000046],[-112.6000414689999,48.20115447100005],[-112.72156993399994,48.40158289700008],[-112.8706516869999,48.602117872000065],[-112.86670725499994,48.79219681500007],[-112.8979531359999,48.99293976900009],[-113.02855305999992,49.183216051000045],[-113.20785382899993,49.33127523400009],[-113.70674583399995,49.56405743900007],[-113.88397818499993,49.77580273400008],[-114.0428547979999,50.03015562600007],[-114.02817244499994,50.21098611500008],[-114.2400853019999,50.51976466600007],[-114.37542061999994,50.764930469000035],[-115.02095223299995,51.54467052800004],[-115.26014707199994,51.75872608800006],[-115.65095279899992,51.97296669500008],[-116.53186419499991,52.412740478000046],[-117.11077710099994,52.735022548000074],[-117.6345448589999,52.91783596600004],[-117.81273714499991,53.03619923500008],[-118.22509315499991,53.35929734700005],[-118.98049804999994,53.74757560900008],[-119.5572468599999,54.07160990400007],[-120.14647207199994,54.37442824300007],[-120.53714436799993,54.612619539000036],[-121.72190527499993,55.23165827200006],[-122.14461117499991,55.657262175000085],[-122.34182723899994,55.94155142800008],[-122.64062786099993,56.22628576000005],[-123.22286942999995,56.720153149000055],[-123.61592624199994,56.94008261500005]]]}},{"type":"Feature","properties":{"id":"35","n":"Pechora Basin"},"geometry":{"type":"Polygon","coordinates":[[[49.46603558600003,67.93324380800004],[50.014162438000085,68.09054734200004],[49.976093623000054,68.05859214400004],[49.84832821300006,68.01499961800005],[49.966099721000035,68.03997805500006],[50.11388391700007,68.12831546500007],[50.588324766000085,68.27443847800004],[50.77582575200006,68.37248175200006],[50.86166468400006,68.33998326300008],[51.07610664100008,68.35054064200006],[51.56776934900006,68.42886033400003],[51.58471803900005,68.44274879300008],[51.53388374300005,68.45360554200005],[51.58193707500004,68.48499355300004],[51.781380985000055,68.49136163900005],[52.04582916800007,68.53692248400006],[52.200269596000055,68.58110059100005],[52.215267374000064,68.57777404400008],[52.17804464900007,68.53359733200006],[52.17860272900003,68.50471836900005],[52.31110321700004,68.49414058300005],[52.35749773300006,68.47415280600006],[52.27721527500006,68.40914908300005],[52.13749543200004,68.38527044100005],[52.235825316000046,68.31164357000006],[52.26860002700005,68.30582588700008],[52.45721806600005,68.35138721100003],[52.564713623000046,68.40277231800007],[52.66471119500005,68.41303832900007],[52.712765095000066,68.43580619600004],[52.73305233600007,68.46638483800007],[52.71860085600008,68.49165454800004],[52.575265938000086,68.53083162600007],[52.48804435800008,68.58554091100007],[52.50027686000004,68.61359832900007],[52.61804613700008,68.62498407200007],[52.65027171400004,68.65220860300008],[52.50649462200005,68.63171668600006],[52.41693939400005,68.58527569200004],[52.27416100700003,68.60109003200006],[52.30138305600008,68.61913975500005],[53.47027032900007,68.91943545700008],[53.783610310000086,68.96805469700007],[54.41832483700006,69.00887959600004],[54.56081845300008,68.99248001400008],[54.52499366600006,68.97387668000005],[54.33832266300004,68.95526168400005],[53.59887539600004,68.90804581900005],[53.60749828100006,68.88081227100008],[53.68581897300004,68.85832781800008],[53.72609812200005,68.85636995100003],[53.68749092300004,68.88526962500003],[53.71637849800004,68.88943314900007],[54.01915793500007,68.85525403400004],[54.02582635200008,68.84275930400008],[53.93137918200006,68.80970643500007],[53.84054393100007,68.74054277000005],[53.83804102500005,68.70637347800005],[53.81276977300007,68.68220481600008],[53.71971578000006,68.65193327100008],[53.74665160100005,68.60833241200004],[53.90582716100005,68.50277700100008],[53.94582613300008,68.39999578100003],[53.795829565000076,68.34193588900007],[53.686651736000044,68.39332631300005],[53.59275898900006,68.40776816200008],[53.57526940400004,68.39694899000006],[53.63610569700006,68.37886660400005],[53.69137327300007,68.33970874500005],[53.668882378000035,68.32666596200005],[53.531382292000046,68.36026730400005],[53.41694168600009,68.36331241600004],[53.313605248000044,68.34305629500005],[53.216383302000054,68.28859030400008],[53.203606473000036,68.26721465500003],[53.24554421000005,68.24636711400007],[53.32638823500008,68.23720377000006],[53.52137169200006,68.25555973600007],[53.697769589000075,68.25248429500004],[53.96166877700006,68.21360969600005],[54.10498871700008,68.25027389600007],[54.17082553500006,68.25054756200007],[54.19970870900005,68.20721625900006],[54.238882629000045,68.20498700300004],[54.496656649000045,68.30582588700008],[54.55443211100004,68.29664313700005],[54.65470471800006,68.18220759000008],[54.791932830000064,68.16303846800008],[54.86331973300008,68.18165504400008],[54.92637717900004,68.24636711400007],[54.923882124000045,68.27998564400008],[54.854991932000075,68.31749069300008],[54.939712787000076,68.39999578100003],[54.99444115700004,68.43498313800006],[55.32473218700005,68.55000123200006],[55.68949653400006,68.57131130400006],[55.83971511500005,68.60441234500007],[55.96749401800008,68.65942590900005],[56.291943091000064,68.60525598600003],[56.62804516500006,68.63693157300008],[56.87027260100007,68.56303378800004],[57.01305055900008,68.54443488200008],[57.27610321900005,68.55582308600003],[57.39805121100005,68.58082606600004],[57.443316922000065,68.64610610100004],[57.600832051000054,68.73803660300007],[57.93749261700003,68.75082247300008],[57.98192814400005,68.77777032900008],[57.94248802900006,68.81944260700004],[57.97137858900004,68.84693982300007],[58.22776725700004,68.88749899600003],[58.244433737000065,68.86970272300005],[58.19859772700005,68.84027000100008],[58.19999047300007,68.82721239700004],[58.33610631500005,68.73026780300006],[58.38999714600004,68.73136933300003],[58.434714012000086,68.74220362800008],[58.43804574400008,68.75665109100004],[58.28499015700004,68.79110184300004],[58.27526832400008,68.89610547100006],[58.811935152000046,68.99332178700007],[59.21443855600006,68.99664280500008],[59.241661742000076,68.98665762300004],[59.019713558000035,68.96748429800004],[58.888602432000084,68.93359323000004],[59.092759149000074,68.91137784600005],[59.421385255000075,68.76443552800004],[59.42055382500007,68.71166358100004],[59.394991091000065,68.69942343200006],[59.25916494100005,68.70860341000008],[59.17777553500008,68.69775392200006],[59.057771080000066,68.61608662200007],[59.07137705200006,68.42776196400007],[59.09054213200005,68.40998682100007],[59.61527335200003,68.33554397600005],[59.836104101000046,68.36665079800008],[59.96915287600007,68.46775722000007],[59.93636961700008,68.52331523100008],[59.85833622800004,68.59360651400004],[59.76721048100006,68.62803249200005],[59.761662768000065,68.64722477300006],[59.777763994000054,68.66219996700005],[59.923323623000044,68.72082597000008],[60.029992148000076,68.68942853200008],[60.19690697600004,68.69116454100003],[60.28385841900007,68.63949499200004],[60.45399232700004,68.49231329500003],[60.92385277500006,68.36002525900005],[61.15277893600006,68.27192527800008],[61.50726861600003,68.19856471900005],[61.734298082000066,68.08129361000005],[61.893031448000045,67.94951876500005],[61.76679777000004,67.62809036100003],[61.64675075900004,67.45317486700003],[61.26832661700007,67.20586879200005],[59.903618606000066,66.61177001800007],[59.431977535000044,66.38081708000004],[58.925101056000074,66.17913944500003],[58.711719119000065,66.02094294600005],[58.115048483000066,65.30477238400005],[57.89570159800007,64.97702014100008],[57.28379916800009,63.98877573000004],[57.19404187400005,63.679645496000035],[57.15683091200003,63.427234620000036],[57.18557362700005,63.161299650000046],[57.288524616000075,62.77032299000007],[57.38688503800006,62.56132297100004],[57.39466267500006,62.35263630800006],[57.43908754700004,62.144261595000046],[57.38810074700007,61.894621751000045],[57.17079073600007,61.50717636100006],[57.096391407000056,61.438102265000055],[56.532685316000084,61.68692843400004],[56.328502369000034,61.83920672000005],[56.29930209000008,62.047126426000034],[56.23685480700004,62.227574135000054],[56.07344456200008,62.42216379900003],[56.073445277000076,62.61702561200008],[55.92558641000005,62.84005954200006],[55.689088526000035,63.13333617400008],[55.62385182300005,63.14731720700007],[54.965842749000046,63.14731720700007],[54.605183253000064,63.18926876900008],[54.39747648300005,63.343199954000056],[54.233814676000065,63.51132037000008],[54.20353820100007,63.72175885100006],[53.994401097000036,63.97470930900005],[53.71152067200006,64.12951902200007],[53.473548519000076,64.19994467100008],[53.24890731000005,64.22812502900007],[52.897759757000074,64.22812502900007],[52.61894851000005,64.32680179000005],[52.39051847700006,64.55261517800005],[52.200283701000046,64.67979868900005],[51.88240351300004,64.94868551400003],[51.19773442200005,64.99118965600007],[51.118821024000056,65.19062293200005],[51.13998435900004,65.33332850000005],[51.21287039200007,65.60498715700004],[51.05340226000004,65.69091579000008],[50.64499473600006,65.73390570600003],[50.497858644000075,66.29433752300008],[50.03141173100005,66.40965906000008],[50.01200837300007,66.58287372000007],[50.09885367000004,66.74189978900006],[50.128006318000075,67.00263456400006],[50.05458786300005,67.24946937000004],[49.84240980100009,67.45317486700003],[49.75288492700008,67.67186423600003],[49.46603558600003,67.93324380800004]]]}}]}